"","image","diam_max","diam_mean","diam_mode","length","area","width","depth","width_depth_ratio","com_x","com_x.1","ellips_025","ellips_050","ellips_075","ellips_100","rect_020","rect_040","rect_060","rect_080","directionality","tip_count","cross_hori_0_mean","cross_hori_0_max","cross_hori_1_mean","cross_hori_1_max","cross_hori_2_mean","cross_hori_2_max","cross_hori_3_mean","cross_hori_3_max","cross_vert_mean","cross_vert_max","coord_x0","coord_x1","coord_x2","coord_x3","coord_x4","coord_x5","coord_x6","coord_x7","coord_x8","coord_x9"
"1","sim-15-1-0.01-0.2-5-1.3-0.05-1-20",0.508,0.1530017,0.08466667,47578.094,1563.37,35.052,62.65333,0.55945945,0.59275097,0.37546477,0.114974275,0.33457893,0.25702682,0.13214189,0.264013,0.24365015,0.07327376,0.07332792,14.132486,11,431.88406,800,386.0215,600,252.68817,300,108.60215,300,515.0754,12100,0.6642512,0.5024155,0.23671497,0.6763285,0.6714976,0.6932367,0.6980676,0.70772946,0.8937198,0.81884056
"2","sim-15-1-0.01-0.2-5-1.3-0.05-2-20",0.33866668,0.18661736,0.08466667,43332.906,1342.644,32.850666,57.234665,0.5739645,0.49949473,0.3599125,0.1900618,0.29801992,0.2550763,0.15846892,0.33818892,0.17398159,0.06961786,0.07188801,12.400593,20,474.57626,1100,532.94116,700,222.35294,300,100,100,568.5083,5500,0.43041238,0.28350514,0.11340206,0.57216495,0.5051546,0.52835053,0.5927835,0.9510309,0.72680414,0.5902062
"3","sim-15-1-0.01-0.2-5-1.3-0.05-4-20",0.5926667,0.16712189,0.08466667,49411.13,1639.9087,36.914665,62.822666,0.58760107,0.69058347,0.3511183,0.28669524,0.24513398,0.20920026,0.11218958,0.35587794,0.1720791,0.13733286,0.096287884,7.6878,14,634.32837,1200,441.9355,600,220.43011,300,120.43011,200,543.60187,6600,0.64908254,0.3853211,0.016055046,0.82568806,0.8646789,0.8853211,0.8463303,0.82798165,0.8853211,0.896789
"4","sim-15-1-0.01-0.2-5-1.3-0.05-5-20",0.42333332,0.20903726,0.08466667,48277.44,1368.4673,37.168667,57.319332,0.64844906,0.45256767,0.34906352,0.24450907,0.19668378,0.22836107,0.2215554,0.3471509,0.16649137,0.06966528,0.06960341,13.75205,11,500,1100,488.2353,700,220,400,100,100,488.51675,10200,0.33485195,0.15717539,0,0.3690205,0.3189066,0.33712983,0.38952163,0.833713,0.6492027,0.48747152
"5","sim-15-1-0.01-0.2-5-1.3-0.07-1-20",1.016,0.2808588,0.08466667,78344.44,3423.666,46.39733,87.03733,0.5330739,0.3782152,0.34957492,0.18270396,0.2953978,0.18156639,0.2169795,0.31842124,0.16796498,0.11499369,0.07085095,8.641119,16,619.2308,2100,568.21704,1800,215.50388,400,100,100,698.0695,6400,0.24817519,0.06386861,0.3047445,0.22445256,0.124087594,0.14963503,0.25,0.899635,0.69160587,0.38868612
"6","sim-15-1-0.01-0.2-5-1.3-0.07-2-20",0.61563253,0.22994606,0.0879475,56286.402,1926.0503,68.071365,47.579597,1.430684,0.5270569,0.362472,0.29269406,0.2909589,0.20972602,0.14547946,0.35452056,0.22739726,0.11269406,0.068127856,26.612652,14,605.7692,1000,554.41174,800,325,500,110.29412,300,275.59055,5400,0.5245478,0.3901809,0.2118863,0.5258398,0.49224806,0.5103359,0.54392767,0.997416,0.81136954,0.66020674
"7","sim-15-1-0.01-0.2-5-1.3-0.07-4-20",0.50926995,0.17922656,0.084878325,54322.13,1915.1097,63.658745,45.66454,1.394052,0.47488984,0.35294282,0.24021628,0.31095156,0.20165758,0.19359128,0.3748172,0.16855028,0.08039711,0.06111776,32.55147,30,842.3077,1600,540.2985,800,285.07462,400,100,100,303.8781,7200,0.412,0.244,0.06533334,0.36933333,0.28666666,0.304,0.38933334,0.8986667,0.7213333,0.504
"8","sim-15-1-0.01-0.2-5-1.3-0.07-5-20",0.5926667,0.19858694,0.08466667,84570.484,3669.284,51.138668,87.291336,0.585839,0.45708972,0.3471059,0.24811943,0.29613733,0.22656791,0.19052564,0.37770548,0.17386588,0.06578522,0.06613134,12.9304905,22,802.88464,2600,591.47284,1100,241.86046,400,101.550385,200,681.0997,6600,0.40066224,0.21192053,0.029801324,0.56953645,0.6357616,0.6572848,0.5927152,0.9950331,0.74172187,0.5033113
"9","sim-15-1-0.01-0.2-5-1.3-0.09-1-20",0.9313333,0.2727968,0.08466667,127787.4,7116.6567,60.028667,121.835335,0.49270326,0.5236236,0.34532768,0.25181133,0.3005532,0.19915532,0.16158468,0.36675987,0.18483137,0.07669978,0.058723453,8.713603,33,986.36365,3000,747.7778,10000,232.77777,700,117.77778,200,1044.4445,12100,0.5684062,0.26657262,0.08180536,0.0028208746,0.52045137,0.54442877,0.54442877,0.9379408,0.7827927,0.6699577
"10","sim-15-1-0.01-0.2-5-1.3-0.09-2-20",1.1853334,0.3133165,0.08466667,114513.695,6058.916,58.42,117.77133,0.496046,0.6519706,0.34768435,0.18231744,0.3567536,0.24078421,0.1267712,0.35135967,0.21539365,0.120399095,0.09295436,14.209261,31,977.7027,5100,648.2759,2700,244.82759,600,104.5977,200,958.1818,14500,0.70289856,0.27101448,0.046376813,0.7695652,0.8028985,0.82608694,0.79275364,0.84347826,0.87826085,0.81884056
"11","sim-15-1-0.01-0.2-5-1.3-0.09-4-20",0.95694506,0.27126545,0.086995006,111353.6,5423.1816,64.98527,101.34918,0.64120173,0.386881,0.34611857,0.22772262,0.25804073,0.2676655,0.18014406,0.33810297,0.18304753,0.067469805,0.05787709,16.919823,43,1015.44714,9100,745.2055,2000,306.1644,900,100,100,814.6479,8700,0.31860778,0.12717536,0.026773762,0.33199465,0.29852745,0.32128513,0.35341364,0.8433735,0.6171352,0.40562248
"12","sim-15-1-0.01-0.2-5-1.3-0.09-5-20",0.9801225,0.29723182,0.1089025,69697.6,2780.6074,82.9837,64.25247,1.2915255,0.6240208,0.33677214,0.31664905,0.30928603,0.19171269,0.10269064,0.39486155,0.19288763,0.10468805,0.059609134,26.985353,23,728.3333,1700,558.1081,900,252.7027,500,100,100,291.37466,5300,0.62204725,0.39370078,0.0839895,0.63254595,0.67979,0.6968504,0.65091866,0.97637796,0.84908134,0.6889764
"13","sim-15-1-0.01-0.2-5-1.3-0.11-1-20",0.97906417,0.2907865,0.08900583,113927.46,7191.938,66.66537,110.10021,0.6054972,0.4488751,0.3424107,0.19276512,0.27502692,0.26796034,0.2329864,0.346002,0.14177692,0.115181364,0.061804637,24.104803,75,1217.037,11300,690.9677,2600,276.12903,700,116.77419,200,951.12994,9200,0.4058745,0.14819759,0.037383176,0.5033378,0.58077437,0.6048064,0.8130841,0.7009346,0.77837116,0.48598132
"14","sim-15-1-0.01-0.2-5-1.3-0.11-2-20",1.4393333,0.3274643,0.08466667,142280.64,10398.591,62.992,140.88533,0.4471154,0.58830243,0.34111235,0.2466658,0.33497533,0.24789526,0.10423554,0.35923886,0.22343631,0.14882183,0.10970704,12.237057,44,1423.9131,9800,789.9039,2200,281.25,900,131.73077,200,1426.0504,14100,0.5403226,0.17069893,0.37903225,0.67069894,0.8467742,0.87768817,0.77150536,0.733871,0.8010753,0.6182796
"15","sim-15-1-0.01-0.2-5-1.3-0.11-4-20",1.3919201,0.33311838,0.086995006,111353.6,7979.1816,65.50724,108.395775,0.6043339,0.4796754,0.34992394,0.2043502,0.26462057,0.25526604,0.20776276,0.33323157,0.15331444,0.06523114,0.05432839,36.314484,80,1460.7407,6300,853.8461,2300,316.02563,800,130.1282,200,1101.105,8300,0.43957505,0.19256309,0.124834,0.025232404,0.5989376,0.62682605,0.5325365,0.9667995,0.8565737,0.51128817
"16","sim-15-1-0.01-0.2-5-1.3-0.11-5-20",1.27,0.3466842,0.08466667,123507.836,9181.507,51.308,142.24,0.3607143,0.48626846,0.34760985,0.26235902,0.26250657,0.22284518,0.1901552,0.34566545,0.18390307,0.11481608,0.072157726,9.778361,36,1067.9348,10600,624.2857,3000,300.9524,1500,100,100,1471.378,11700,0.55775577,0.31518152,0.06270627,0.4240924,0.43234324,0.46369636,0.4570957,0.44059405,0.9141914,0.6386139
"17","sim-15-1-0.01-0.2-5-1.3-0.13-1-20",1.457325,0.39115232,0.097155,124358.4,9856.472,74.80935,126.107185,0.59322035,0.585586,0.34910157,0.19478369,0.27823284,0.26484707,0.18237376,0.32157397,0.16528176,0.09089117,0.001971395,33.85144,186,1400.6945,12300,925.30865,2500,304.93826,900,100,100,1158.3107,10400,0.5181818,0.22467533,0.087012984,0.85584414,0.89350647,0.9207792,0.8948052,0.8987013,0.8428571,0.58181816
"18","sim-15-1-0.01-0.2-5-1.3-0.13-2-20",1.9558,0.45912072,0.09779,125171.2,9024.844,74.02703,127.12701,0.5823077,0.6044792,0.34148788,0.28428397,0.35318786,0.20549801,0.10473734,0.3496446,0.23192614,0.15714936,0.10465066,33.15971,188,1388.1945,3100,789.57056,3200,217.17792,1100,115.337425,200,1033.1522,11300,0.5970938,0.21136063,0.5627477,0.5653897,0.5891678,0.61558783,0.7648613,0.71862614,0.95244384,0.661823
"19","sim-15-1-0.01-0.2-5-1.3-0.13-4-20",1.417955,0.43627623,0.128905,164998.4,8785.134,99.901375,165.38512,0.604053,0.4741153,0.34780502,0.21965607,0.25085104,0.24338244,0.23876041,0.322397,0.18313476,0.065559335,0.058751028,25.938385,145,919.58044,3600,643.125,1600,262.5,600,105,200,802.91003,15300,0.5845161,0.32903227,0.076129034,0.51870966,0.43225807,0.45419356,0.53935486,0.5354839,0.8967742,0.64
"20","sim-15-1-0.01-0.2-5-1.3-0.13-5-20",1.782445,0.41993582,0.12731749,162966.39,9696.628,97.01593,166.14934,0.583908,0.4134723,0.33295268,0.25829494,0.30313414,0.20316172,0.19741075,0.36948043,0.16149998,0.1296858,0.0651252,28.827538,140,1327.2109,4200,636.8098,3500,277.30063,800,100,100,956.0109,7000,0.4593176,0.18503937,0.022309711,0.328084,0.26377952,0.28608924,0.3503937,0.48425198,0.8897638,0.5144357
"21","sim-15-1-0.01-0.2-5-1.3-0.15-1-20",1.3839825,0.41570026,0.15377584,98416.54,5795.504,120.09893,101.03072,1.1887367,0.4512868,0.34983456,0.27457017,0.29404584,0.20704202,0.19435894,0.34583953,0.21298556,0.09647633,0.05365103,44.286503,54,1008.3333,2700,662.1951,1600,326.82925,500,123.17073,300,426.1658,2800,0.503201,0.23175415,0.14212549,0.058898848,0.25608194,0.2752881,0.3277849,0.9346991,0.78361076,0.54801536
"22","sim-15-1-0.01-0.2-5-1.3-0.15-2-20",2.2639868,0.6338754,0.14149918,181118.94,12493.104,112.916336,188.6184,0.5986497,0.54274166,0.3327059,0.25910908,0.28365293,0.24258418,0.17643927,0.3689051,0.16309702,0.091878,0.051590763,20.22315,115,1320.7792,4500,775.4491,2700,374.2515,1700,113.77245,200,1052.405,10400,0.518797,0.23182957,0.1754386,0.53258145,0.5714286,0.59398496,0.97117794,0.9235589,0.80075186,0.56390977
"23","sim-15-1-0.01-0.2-5-1.3-0.15-4-20",2.587519,0.48736188,0.112500824,144001.06,10754.292,85.27563,148.2761,0.57511383,0.42764354,0.35488793,0.26423484,0.32429153,0.23716171,0.15036666,0.34251463,0.2239076,0.12072013,0.102810875,25.07988,110,1275.8389,3900,930.30304,2900,298.78787,2200,127.878784,200,1124.5902,9100,0.41952506,0.16490765,0.12005277,0.3707124,0.57387865,0.6015831,0.5131926,0.9841689,0.80474937,0.47493404
"24","sim-15-1-0.01-0.2-5-1.3-0.15-5-20",1.39573,0.42101544,0.116310835,148877.86,11317.16,89.0941,154.11185,0.5781132,0.57498103,0.35370868,0.21175528,0.27912354,0.26554713,0.18871337,0.32398432,0.1951984,0.11077995,0.05498402,32.861973,144,1283.8926,6400,904.8193,3700,336.1446,1600,131.9277,200,1118.1572,10400,0.45953003,0.30156657,0.023498695,0.72845954,0.70887727,0.73498696,0.8981723,0.79765016,0.80809397,0.5091384
"25","sim-15-1-0.01-0.2-5-1.3-0.17-1-20",2.96037,0.4800112,0.1057275,202996.81,20822.08,78.76699,214.62683,0.36699507,0.48241892,0.34748024,0.19890729,0.283491,0.23979771,0.21269822,0.31361678,0.17165548,0.085421525,0.052426867,30.298777,74,1745.9227,13600,1041.3386,5800,390.9449,1900,132.28346,200,2271.469,13100,0.4805369,0.14630872,0.05637584,0.33154362,0.27919462,0.31140938,0.9234899,0.8013423,0.914094,0.5288591
"26","sim-15-1-0.01-0.2-5-1.3-0.17-2-20",2.221018,0.52860355,0.15864415,203064.52,14806.735,124.218376,216.70792,0.5732064,0.51631516,0.340838,0.24890447,0.30176893,0.2151222,0.15975057,0.34098336,0.20414001,0.14545766,0.0688181,34.893593,108,1557.595,9900,915.7895,3600,423.9766,3400,114.61988,200,1281.6273,13700,0.6028097,0.1890166,0.07279693,0.0025542784,0.51979566,0.541507,0.6270754,0.72158366,0.9412516,0.6475096
"27","sim-15-1-0.01-0.2-5-1.3-0.17-4-20",3.3819041,0.7133075,0.096625835,185521.6,21121.828,75.1749,196.82683,0.38193423,0.48350248,0.3553595,0.22085236,0.31420806,0.28591818,0.100240625,0.30660036,0.23153426,0.13242358,0.060966905,30.438107,77,1885.4077,4800,1077.2549,7100,418.43137,5400,134.90196,200,2259.4736,15200,0.38046274,0.16195373,0.18251929,0.47943446,0.96015424,0.9987146,0.811054,0.58868897,0.6606684,0.43830335
"28","sim-15-1-0.01-0.2-5-1.3-0.17-5-20",2.066925,0.49310642,0.11482917,146981.34,13203.402,86.69602,156.2825,0.5547392,0.51070094,0.34326497,0.23177339,0.30209684,0.25327224,0.15384014,0.34437266,0.20507379,0.088456556,0.08455163,53.200283,117,1689.6774,6700,995.8823,6800,330.58823,2100,134.11765,200,1430.854,14600,0.44900662,0.056953643,0.28741723,0.29403973,0.3165563,0.34701988,0.58145696,0.9218543,0.818543,0.5033113
"29","sim-15-1-0.01-0.2-5-1.3-0.19-1-20",2.9430134,0.85363847,0.13377334,171229.88,16366.499,103.808105,186.21248,0.5574713,0.5702711,0.33958668,0.22345826,0.3583473,0.26037845,0.13984224,0.3592137,0.20657158,0.13668723,0.0980179,39.751614,208,1920,10900,1012.6437,2900,374.71265,1800,125.86207,200,1440,10000,0.5,0.23453608,0.43814433,0.3724227,0.496134,0.5270619,0.51417524,0.9381443,0.89304125,0.53994846
"30","sim-15-1-0.01-0.2-5-1.3-0.19-2-20",1.9367499,0.5315026,0.12911667,165269.33,16987.621,98.77425,178.9557,0.5519481,0.5467517,0.32947895,0.18228596,0.25297946,0.24306062,0.17945853,0.34169403,0.12595008,0.06707558,0.050491,44.730236,170,2110.063,18400,1053.7572,4300,344.50867,1000,110.404625,200,1606.7385,5700,0.64705884,0.1882353,0.043137256,0.0026143792,0.3006536,0.33071896,0.4248366,0.98039216,0.9385621,0.69673204
"31","sim-15-1-0.01-0.2-5-1.3-0.19-4-20",2.9358168,0.55529165,0.15451667,197781.34,15369.31,119.44138,212.15138,0.56300074,0.3567884,0.33363158,0.2368122,0.29124233,0.2543859,0.1457971,0.36912745,0.17380638,0.10672887,0.033689566,41.039074,131,1676.7296,6100,958.72095,6400,333.72092,1200,129.06976,200,1320.5804,10200,0.39068565,0.07373868,0.15523933,0.095730916,0.12031048,0.14489004,0.1694696,0.9896507,0.79560155,0.44113842
"32","sim-15-1-0.01-0.2-5-1.3-0.19-5-20",2.92608,0.77056855,0.12192,234086.39,24682.947,94.85376,253.5936,0.37403846,0.39656723,0.35102758,0.22403829,0.28863138,0.26468003,0.13692628,0.31307667,0.21662913,0.10334302,0.04340782,21.836327,136,1817.0125,10800,1031.9231,6300,391.92307,1600,140.38461,200,2158.8542,13700,0.437018,0.24807198,0.11568123,0.10411311,0.08483291,0.11696658,0.21079692,0.99357325,0.78791773,0.48586118
"33","sim-15-1-0.01-0.2-5-1.3-0.21-1-20",3.7579298,0.8217981,0.17081499,218643.19,18404.633,134.60222,238.97017,0.5632595,0.48204583,0.33198857,0.21520984,0.27955562,0.29990906,0.15886436,0.34701055,0.16719878,0.10763276,0.06525532,30.18981,190,1790.1841,8200,1034.2858,2700,378.85715,1700,114.28571,200,1453.9642,11900,0.37944162,0.17766498,0.15101522,0.37182742,0.4314721,0.4543147,0.93654823,0.930203,0.9543147,0.41878173
"34","sim-15-1-0.01-0.2-5-1.3-0.21-2-20",3.19786,0.87548447,0.13324416,255828.8,27133.041,104.463425,280.21246,0.37280077,0.42667082,0.33750573,0.2166485,0.36020508,0.26025614,0.12790103,0.34422544,0.21731636,0.14398873,0.093039475,28.510933,144,1817.4089,13800,1165.3993,6100,334.60077,3400,132.3194,1600,2285.8247,14600,0.3469388,0.12755102,0.2780612,0.35204083,0.43239796,0.4630102,0.40816328,0.9502551,0.70790815,0.39158162
"35","sim-15-1-0.01-0.2-5-1.3-0.21-4-20",3.1194377,0.55417955,0.1247775,239572.81,29188.203,97.326454,262.4071,0.37089872,0.46495467,0.3371128,0.18520704,0.275532,0.27295423,0.2074837,0.30731612,0.16363147,0.08309607,0.04813998,31.56033,159,2190.1638,7400,1290.114,4200,408.74524,1600,126.23574,200,2663.2979,11700,0.475641,0.06410257,0.13333334,0.015384615,0.63076925,0.6653846,0.6166667,0.90897435,0.8333333,0.5205128
"36","sim-15-1-0.01-0.2-5-1.3-0.21-5-20",3.1575375,0.90634173,0.93556666,224536,27134.709,93.08888,245.93709,0.3785069,0.51765877,0.3454149,0.19264916,0.3001491,0.25471064,0.21291396,0.30665264,0.18223663,0.10277208,0.05067923,35.60388,142,2148.1633,9600,1162.3574,5100,385.1711,1700,126.61597,200,2390.404,15000,0.5012563,0.26758793,0.20100503,0.18592964,0.46859297,0.5025126,0.5,0.9334171,0.96231157,0.55150753
"37","sim-15-1-0.01-0.2-5-1.3-0.23-1-20",4.4026666,0.92057234,0.13758333,264160,31046.229,110.066666,292.227,0.37664783,0.5845163,0.32691836,0.20924513,0.34587908,0.278701,0.124943495,0.34522766,0.21536955,0.12996446,0.089513145,29.586262,162,2151.8071,8200,1242.1052,4900,358.6466,1900,118.42105,200,2528.3918,15600,0.46625,0.325,0.4125,0.4375,0.65,0.68125,0.65875,0.925,0.99375,0.50375
"38","sim-15-1-0.01-0.2-5-1.3-0.23-2-20",3.7576125,0.58543766,0.13917083,267208,32427.36,108.83159,295.738,0.368,0.51517123,0.33881092,0.19176066,0.3432559,0.23817617,0.18665774,0.3082565,0.22075157,0.13096341,0.06759541,28.500055,159,2219.277,7100,1330.0752,5200,433.8346,3700,135.33835,200,2762.533,15700,0.4629156,0.11508951,0.04859335,0.5025575,0.5140665,0.5460358,0.8005115,0.8299233,0.85038364,0.5076726
"39","sim-15-1-0.01-0.2-5-1.3-0.23-4-20",2.6411765,0.68878204,0.15536332,198865.06,20894.969,120.40658,221.39275,0.54385966,0.56210846,0.336308,0.16697772,0.33362085,0.2510428,0.17210074,0.32146388,0.20329985,0.12370344,0.050657663,52.56701,200,2406.0605,13900,1208.9888,5400,385.95505,1400,120.90395,200,1825.2632,12700,0.38193548,0.08,0.34064516,0.5535484,0.55741936,0.5896774,1,0.9264516,0.80129033,0.42451614
"40","sim-15-1-0.01-0.2-5-1.3-0.23-5-20",3.58648,0.87949955,0.14943667,191278.94,20910.523,117.30778,211.75175,0.5539873,0.5160332,0.33243337,0.1961852,0.28893223,0.22202688,0.25505078,0.30857077,0.17864059,0.10528911,0.08645099,45.809772,295,2080,4500,1342.9379,3100,381.35593,2200,131.81818,200,1716.0105,10100,0.533758,0.08789809,0.12993631,0.43312103,0.40382165,0.43312103,0.5057325,0.98216563,0.9286624,0.5745223
"41","sim-15-1-0.01-0.2-5-1.3-0.25-1-20",4.1771355,1.1807138,0.14403917,276555.2,34635.8,115.23133,311.26862,0.370199,0.59919065,0.33077213,0.24176061,0.34288305,0.2564865,0.114733785,0.3347944,0.2190584,0.16488329,0.101920895,38.59375,115,2281.323,6500,1237.7778,5200,312.22223,2500,124.90707,300,2637.2795,15300,0.5025,0.1475,0.51875,0.5925,0.58125,0.61625,0.68375,0.71125,0.8425,0.53875
"42","sim-15-1-0.01-0.2-5-1.3-0.25-2-20",3.9872708,0.99906266,0.15949084,204148.27,22866.998,125.51929,227.75291,0.55112046,0.39569598,0.3297085,0.18891717,0.26955885,0.2861308,0.18441848,0.33824587,0.16092764,0.069258936,0.0014367916,53.609287,294,2434.3374,8400,1323.4637,4500,345.2514,2000,139.54802,200,1787.2123,9200,0.39008895,0.07496823,0.12579416,0.12706481,0.1321474,0.16264294,0.7484117,0.75349426,0.9021601,0.43074968
"43","sim-15-1-0.01-0.2-5-1.3-0.25-4-20",3.6957002,1.0782833,0.15398751,295656,38029.215,123.19,332.921,0.37002775,0.47730777,0.33385077,0.17408681,0.26926705,0.2625697,0.21183336,0.3075157,0.18876512,0.026793487,0.0304823,37.575,144,2392.607,9600,1319.6296,6100,426.66666,2200,129.62962,200,2875.377,12900,0.51875,0.1875,0.05625,0.25,0.8725,0.905,0.87875,0.88625,0.915,0.555
"44","sim-15-1-0.01-0.2-5-1.3-0.25-5-20",2.8552773,1.098367,0.16795748,214985.6,23530.844,134.366,241.85878,0.5555556,0.48840988,0.33322597,0.17077802,0.30493933,0.26470378,0.21770164,0.33528194,0.16957173,0.103140615,0.050806567,59.47959,340,2339.645,8900,1315.5555,7400,423.8889,2800,121.22905,200,1855.9194,12300,0.54875,0.175,0.105,0.1375,0.565,0.595,0.5875,0.7325,0.91125,0.585
"45","sim-15-1-0.01-0.2-5-1.3-0.27-1-20",3.52044,1.1853297,0.16002001,307238.4,35722.707,125.935745,346.1233,0.3638465,0.43463522,0.34719938,0.18291606,0.2876424,0.30364317,0.17541738,0.29364493,0.19157048,0.116319284,0.07182885,37.964943,158,2250.5837,11400,1151.8518,7100,440.74075,2500,135.92592,200,2653.3333,18600,0.5158831,0.10546379,0.11944091,0.10292249,0.4498094,0.4815756,0.4815756,0.61753494,0.84243965,0.5527319
"46","sim-15-1-0.01-0.2-5-1.3-0.27-2-20",4.4100747,1.1574956,0.14700249,282244.78,38943.02,117.602,319.28943,0.36832413,0.51781374,0.335192,0.2152774,0.31918284,0.26403287,0.1609579,0.33338365,0.22574873,0.09928883,0.04229297,36.791546,130,2465.3696,9600,1370.5883,4900,472.42648,2700,136.80298,200,2959.8997,14400,0.45625,0.25375,0.1075,0.2525,0.2925,0.33,0.86,0.91625,0.7475,0.49625
"47","sim-15-1-0.01-0.2-5-1.3-0.27-4-20",4.4145203,1.1541748,0.18393834,235441.08,26417.775,147.15067,265.97482,0.5532504,0.44374996,0.33204487,0.19562326,0.31179547,0.20546152,0.14769222,0.3156876,0.19902104,0.11262124,0.04859946,57.10173,333,2472.353,10100,1430.3867,5500,465.74585,2100,133.51955,200,2043.3673,17200,0.45375,0.1675,0.15875,0.12,0.42875,0.4575,0.47875,0.9625,0.9075,0.4875
"48","sim-15-1-0.01-0.2-5-1.3-0.27-5-20",3.4036,0.6836884,0.17018001,217830.4,25144.096,132.40004,244.71884,0.5410292,0.5864152,0.3329863,0.22366835,0.32745853,0.23811844,0.13153976,0.33698815,0.2064027,0.13813874,0.08676819,50.32514,317,2380.9524,8000,1414.4445,5100,437.77777,2400,137.98883,200,2038.1578,20600,0.6233933,0.21722364,0.037275065,0.48714653,0.8033419,0.83547556,0.75578403,0.76606685,0.9755784,0.65938306
"49","sim-15-1-0.01-0.2-5-1.3-0.29-1-20",4.6320076,0.72084826,0.17155583,329387.2,41030.32,131.75488,373.13394,0.35310346,0.5393611,0.3395204,0.20760894,0.3315145,0.22979856,0.1750207,0.3094169,0.21283543,0.15011749,0.088056,35.386414,166,2363.077,7500,1303.3088,3400,405.14706,2200,139.70589,200,3044.504,23900,0.49739584,0.078125,0.33072916,0.33984375,0.57421875,0.6067708,0.6171875,0.9921875,0.85286456,0.52994794
"50","sim-15-1-0.01-0.2-5-1.3-0.29-2-20",3.9624,1.1611912,0.1524,292608,39857.324,121.92,331.6224,0.36764705,0.5137871,0.3402861,0.1863909,0.3156643,0.2659111,0.18019278,0.30569226,0.18322493,0.13985723,0.06924227,47.920757,170,2581.323,10600,1490.8088,8100,408.45587,1600,128.51852,200,3060.804,20600,0.44,0.14125,0.32875,0.235,0.2375,0.27375,0.40625,0.93,0.85375,0.47875
"51","sim-15-1-0.01-0.2-5-1.3-0.29-4-20",3.5973809,0.6606727,0.18933582,242349.86,29831.943,148.62863,276.809,0.5369357,0.51973164,0.33664793,0.1962351,0.2993444,0.28797102,0.1605283,0.3232018,0.17756298,0.10534333,0.067446895,52.619114,364,2350.867,6600,1494.5355,4500,483.06012,1500,131.49171,200,2141.2087,8900,0.48407644,0.12866242,0,0.42292994,0.4165605,0.44840765,0.83057326,0.85987264,0.9541401,0.51847136
"52","sim-15-1-0.01-0.2-5-1.3-0.29-5-20",3.7137973,1.2512279,0.17684749,339547.2,42683.027,141.478,386.05807,0.36646816,0.45550555,0.33268857,0.19757204,0.32328314,0.30114147,0.13692693,0.31297466,0.22503781,0.1326055,0.06284104,40.974094,180,2357.3076,7000,1428.9377,8300,460.43958,2300,130.40292,200,2898.4924,12800,0.43875,0.095,0.15875,0.1825,0.60625,0.6375,0.6475,0.67125,0.89125,0.47375
"53","sim-15-1-0.01-0.2-5-1.3-0.31-1-20",6.5462146,1.363536,0.16785166,322275.2,50267.71,134.28133,371.12,0.36182722,0.46029404,0.32587463,0.18710619,0.33060637,0.30096802,0.12620334,0.3053156,0.22045432,0.14071865,0.08859779,57.53835,194,2970.0757,8000,1748.9131,5100,492.029,3100,126.007324,200,3613.5679,15000,0.53125,0.185,0.08625,0.3075,0.26,0.2975,0.62,0.63125,0.855,0.5675
"54","sim-15-1-0.01-0.2-5-1.3-0.31-2-20",5.4001455,1.2539146,0.21600583,276487.47,31471.186,171.72464,316.66455,0.54229194,0.36088878,0.31999037,0.2544888,0.38458845,0.2136778,0.092377275,0.35305017,0.26185346,0.15137684,0.09923402,49.069473,289,2652.0232,5400,1429.5082,4700,497.8142,1900,122.90503,200,2082.2786,12900,0.36603773,0.086792454,0.23396227,0.27169812,0.31572327,0.34339622,0.35597485,0.3836478,0.8654088,0.39496854
"55","sim-15-1-0.01-0.2-5-1.3-0.31-4-20",5.1786366,1.2702835,0.19917832,254948.27,31614.38,159.34267,291.99542,0.5457026,0.5422965,0.3213423,0.21454853,0.35813108,0.267773,0.11961014,0.34997857,0.22278924,0.114399835,0.07691968,58.492664,295,2851.724,10600,1367.7595,4200,437.70493,2300,130.55556,200,2106.5327,11100,0.555,0.2175,0.13375,0.52875,0.555,0.58625,0.6,0.7925,0.84625,0.59
"56","sim-15-1-0.01-0.2-5-1.3-0.31-5-20",4.8606076,1.2661483,0.18002251,345643.22,44955.04,144.018,394.96936,0.36463082,0.4903494,0.33356953,0.2387924,0.37047642,0.2591473,0.0938615,0.33038735,0.25006506,0.1644969,0.09237583,35.462177,138,2542.0454,7700,1429.927,4400,438.68613,2000,134.30656,200,3048.4924,15800,0.43625,0.29875,0.16375,0.4025,0.3275,0.36,0.5525,0.715,0.84625,0.4675
"57","sim-15-1-0.01-0.2-5-1.3-0.33-1-20",6.16458,1.4897747,0.17123832,328777.6,48623.81,136.99066,378.4367,0.36199096,0.46466625,0.3379121,0.20762518,0.31364235,0.27981645,0.15248948,0.31488198,0.22385316,0.11927636,0.06894427,46.71548,180,2584.733,9700,1640.942,12600,524.6377,2600,135.42435,200,3185.9648,15600,0.52625,0.23125,0.095,0.21875,0.65125,0.6875,0.71,0.8,0.7875,0.5625
"58","sim-15-1-0.01-0.2-5-1.3-0.33-2-20",5.177155,1.3491545,0.167005,320649.62,47223.17,133.604,368.58005,0.362483,0.42465347,0.33467185,0.2127385,0.36906266,0.25861758,0.11971425,0.31594434,0.25891465,0.13316359,0.07121108,49.10639,166,2630.4182,7400,1510.5072,4600,507.6087,2400,116.911766,200,3237.9397,13800,0.5075,0.10625,0.0875,0.10625,0.51625,0.55375,0.56125,0.57875,0.74375,0.54375
"59","sim-15-1-0.01-0.2-5-1.3-0.33-4-20",5.267854,1.5337577,0.21071418,404571.22,53931.87,168.57133,468.62833,0.35971224,0.5294698,0.33503878,0.23937283,0.36373404,0.23694657,0.12148171,0.32918796,0.22779237,0.15035866,0.09018238,42.117897,140,2803.7454,8800,1416.9065,4800,548.56116,3200,137.59125,200,3341.4573,25400,0.46875,0.28125,0.42875,0.43,0.48625,0.5175,0.5575,0.87,0.83,0.50125
"60","sim-15-1-0.01-0.2-5-1.3-0.33-5-20",5.179907,1.3568821,0.18499666,355193.6,48264.52,147.99733,408.28766,0.362483,0.5062079,0.3314395,0.2093149,0.2915667,0.3151318,0.14103046,0.3313913,0.19434713,0.098699085,0.05432858,41.362118,191,2632.83,8900,1514.1305,5200,435.86957,2100,130.03664,200,3250.6265,15600,0.425,0.155,0.21625,0.50375,0.515,0.54875,0.8825,0.825,0.77375,0.4575
"61","sim-15-1-0.01-0.2-5-1.3-0.35-1-20",5.9059234,1.5542959,0.21092583,404977.6,59574.945,168.74066,470.1537,0.35890535,0.49237502,0.33443907,0.18394378,0.33416772,0.2996725,0.122045,0.30289438,0.21955071,0.15240136,0.0842996,49.03406,179,2960.2996,10400,1663.7993,5500,602.1505,2800,140.72728,200,3642.9648,21600,0.5525,0.1225,0.16875,0.2775,0.2825,0.31625,0.37,0.80875,1,0.585
"62","sim-15-1-0.01-0.2-5-1.3-0.35-2-20",5.97789,1.6050243,0.22140333,425094.38,58831.957,177.12267,493.9508,0.3585836,0.54715085,0.33328113,0.19993,0.31945297,0.3121446,0.13342465,0.32113892,0.18495576,0.1390621,0.085310645,35.3181,208,2808.1785,6400,1591.7562,4000,543.7276,2100,141.30435,200,3472.3618,16000,0.49,0.16625,0.275,0.46,0.69125,0.7225,0.675,0.88125,0.8725,0.52125
"63","sim-15-1-0.01-0.2-5-1.3-0.35-4-20",5.4521103,1.4903207,0.20193002,387705.62,57538.543,161.34207,449.69812,0.35877863,0.5094274,0.3358712,0.17304513,0.34344062,0.3170915,0.12735529,0.3058752,0.22008261,0.1640293,0.094538204,42.412872,178,2881.7163,10100,1762.2302,4900,607.1943,2700,138.54546,200,3663.728,20000,0.485607,0.10387985,0.22653316,0.3867334,0.50563204,0.5406758,0.55819774,0.767209,0.8485607,0.5181477
"64","sim-15-1-0.01-0.2-5-1.3-0.35-5-20",5.8785124,1.3446656,0.2555875,327152,38969.168,203.95882,378.78067,0.53846157,0.4740865,0.32515842,0.22807916,0.2802865,0.23623163,0.2245112,0.32011753,0.18995993,0.09099555,0.046507813,47.623432,343,2590.3408,5900,1688.6487,4800,604.86487,2300,123.756905,200,2290.886,13500,0.49498746,0.12907268,0.012531328,0.3934837,0.3433584,0.3709273,0.9122807,0.9160401,0.8245614,0.52130324
"65","sim-15-1-0.01-0.2-5-1.3-0.37-1-20",6.1652155,1.506765,0.1622425,415340.8,74260.18,129.794,482.67145,0.26890758,0.55704683,0.33302015,0.18052657,0.34527028,0.29431453,0.113597885,0.30106115,0.23439026,0.15984541,0.08356146,39.427055,167,2801.1174,7700,1751.8817,5500,519.086,3200,133.51498,200,4774.8745,25100,0.34,0.19125,0.51625,0.5325,0.53875,0.58125,0.8275,0.805,0.84375,0.38
"66","sim-15-1-0.01-0.2-5-1.3-0.37-2-20",5.711719,1.4743053,0.19695583,378155.2,58570.332,157.56467,439.2115,0.35874438,0.48782745,0.33222654,0.17756861,0.34353584,0.30600113,0.12594073,0.30206,0.2112732,0.15146379,0.082124434,42.480953,172,2950,7300,1921.8638,4900,518.9964,2400,140,200,3758.1453,19100,0.51125,0.08,0.15,0.4825,0.61,0.645,0.65,0.63375,0.90625,0.545
"67","sim-15-1-0.01-0.2-5-1.3-0.37-4-20",6.6341624,1.6168376,0.1895475,363931.2,55273.758,150.8798,423.63867,0.35615212,0.4641839,0.32487696,0.21489048,0.36986855,0.25747833,0.111642644,0.33582297,0.2571457,0.1481813,0.098902985,57.93089,211,2941.1985,11200,1719.7133,5900,454.12186,2500,130.54546,200,3543.4343,19700,0.5678392,0.16834171,0.21482413,0.2437186,0.37185928,0.40954775,0.45603016,0.50376886,0.75,0.60427135
"68","sim-15-1-0.01-0.2-5-1.3-0.37-5-20",4.601633,1.4278637,0.23008166,294504.53,37270.93,184.06532,341.90134,0.53835803,0.4365462,0.3194,0.18407309,0.36376318,0.30429655,0.10908081,0.34943515,0.21261807,0.1575838,0.095289834,60.281162,249,3261.932,8200,1548.9247,5700,551.07526,2600,126.92308,200,2470.3518,17600,0.52375,0.04625,0.2025,0.21625,0.49625,0.52625,0.50375,0.5425,0.795,0.55375
"69","sim-15-1-0.01-0.2-5-1.3-0.39-1-20",5.9266667,1.3909333,0.21166666,406400,53182.52,168.275,473.49832,0.35538667,0.52408445,0.3220768,0.24652545,0.42587242,0.1977903,0.08573726,0.34175104,0.2832251,0.17201181,0.09011924,52.30467,207,2940.892,6600,1766.0714,5000,503.57144,2800,137.54512,200,3775.443,29100,0.5509434,0.13584906,0.45031446,0.48427674,0.53962266,0.56981134,0.5597484,0.57484275,0.70314467,0.58238995
"70","sim-15-1-0.01-0.2-5-1.3-0.39-2-20",6.4366775,1.4607061,0.19505084,374497.6,52032.93,154.87036,436.7188,0.3546226,0.46534175,0.33104846,0.2461708,0.40357092,0.22706042,0.09427738,0.33395186,0.2792972,0.17121747,0.09990029,53.64225,241,2863.7036,6900,1760,5500,542.5,3100,137.05035,200,3685.0632,17300,0.5050378,0.14483628,0.23299748,0.3488665,0.5566751,0.5906801,0.5251889,0.5566751,0.71914357,0.53904283
"71","sim-15-1-0.01-0.2-5-1.3-0.39-4-20",5.456555,1.184256,0.2098675,402945.6,53717.477,165.3756,471.15253,0.35100222,0.53895956,0.3218969,0.20632993,0.35955366,0.24519943,0.146543,0.32088342,0.23440473,0.15132111,0.09310866,43.79363,518,3090.775,7300,1907.1174,4400,675.089,3300,136.69064,200,4170.207,23000,0.50634515,0.16243654,0.13324873,0.5621827,0.57360405,0.6027919,0.642132,0.7601523,0.9175127,0.53426397
"72","sim-15-1-0.01-0.2-5-1.3-0.39-5-20",6.2306204,1.4190849,0.18880667,362508.8,47375.184,150.66772,422.17172,0.3568873,0.42021453,0.32684556,0.22823301,0.36281827,0.25423345,0.111980364,0.32971996,0.24013725,0.18482856,0.08716757,64.18,257,2867.164,7600,1628.2142,6000,541.4286,3400,100,100,3549.4949,26500,0.47493735,0.18546365,0.2857143,0.33834586,0.29949874,0.33458647,0.3934837,0.46616542,0.7932331,0.5100251
"73","sim-15-1-0.01-0.4-5-1.3-0.05-1-20",0.508,0.17065834,0.08466667,42941.24,1813.6447,33.951332,57.573334,0.5897059,0.43843213,0.34073907,0.18197097,0.28121936,0.23892441,0.12324355,0.3368657,0.25297606,0.079081275,0.050884645,14.507532,22,810,10500,724.7059,3000,262.35294,600,112.94118,200,720.3125,9300,0.17955112,0.009975063,0.25187033,0.2593516,0.28678304,0.30922693,0.2817955,0.915212,0.59351623,0.7107232
"74","sim-15-1-0.01-0.4-5-1.3-0.05-2-20",0.5926667,0.188976,0.08466667,47235.87,1721.0193,38.269333,57.234665,0.66863906,0.3514837,0.345534,0.26983815,0.3132287,0.17523491,0.11285482,0.36429378,0.24809366,0.11182172,0.0678408,12.918779,21,750.8475,3900,754.1177,2100,247.05882,700,100,100,640.724,6400,0.25,0.095132746,0.21902655,0.1880531,0.12610619,0.14823009,0.2079646,0.9004425,0.6017699,0.54646015
"75","sim-15-1-0.01-0.4-5-1.3-0.05-4-20",0.42333332,0.16985117,0.08466667,47516.29,1597.5753,37.338,57.404,0.6504425,0.46345794,0.32836744,0.1684774,0.2594732,0.22073242,0.19036515,0.3454343,0.1630717,0.058296677,0.059780594,21.221794,37,753.3333,1700,676.4706,1500,242.35294,700,100,100,655.6075,8800,0.2585034,0.19501133,0.37868482,0.39229023,0.4399093,0.46031746,0.41269842,0.8594104,0.6961451,0.48526078
"76","sim-15-1-0.01-0.4-5-1.3-0.05-5-20",0.42333332,0.20623086,0.08466667,46910.92,1834.896,34.628666,61.552666,0.56258595,0.6198855,0.35062408,0.26098192,0.29937246,0.19306017,0.11706349,0.38109082,0.18240125,0.09717608,0.066722035,9.039373,16,664.61536,11100,692.3077,2200,241.75824,300,110.98901,200,706.12244,8500,0.28361857,0.37408313,0.04400978,0.8264059,0.9535452,0.9779951,0.85330075,0.7432763,0.85085577,0.7579462
"77","sim-15-1-0.01-0.4-5-1.3-0.07-1-20",0.67733335,0.22502571,0.08466667,101901.92,4548.8857,61.468,88.56133,0.69407266,0.4961843,0.3177166,0.21877268,0.29218084,0.21430565,0.17495859,0.39032516,0.15245594,0.059523147,0.05209671,36.204926,27,1358.4906,10200,855.7252,2200,264.12213,1500,100,100,866.47565,11700,0.2506887,0.2506887,0.11157025,0.57575756,0.54407716,0.56336087,0.59366393,0.94077134,0.77410465,0.6363636
"78","sim-15-1-0.01-0.4-5-1.3-0.07-2-20",0.76199996,0.22539638,0.08466667,103186.23,3945.7207,63.330666,86.95267,0.72833496,0.42115322,0.3252632,0.24410446,0.28504604,0.24159388,0.15441066,0.39868677,0.17131944,0.111409135,0.07864301,25.982222,26,1036.8932,5600,699.21875,5700,258.59375,600,111.71875,200,705.57104,8000,0.3328877,0.14037433,0.009358289,0.3275401,0.31951872,0.33556148,0.3435829,0.96925133,0.69251335,0.72192514
"79","sim-15-1-0.01-0.4-5-1.3-0.07-4-20",0.9313333,0.24077317,0.08466667,64494.664,4172.6274,40.470665,88.138,0.45917386,0.50113535,0.34461164,0.2252095,0.3117505,0.252582,0.13000426,0.33772296,0.20266624,0.14980824,0.08984843,27.868559,28,1100,7100,772.3077,2600,307.69232,500,127.69231,200,1201.7316,16600,0.4958159,0.16945606,0.19665273,0.46443516,0.6380753,0.66527194,0.64016736,0.65481174,0.96443516,0.67782426
"80","sim-15-1-0.01-0.4-5-1.3-0.07-5-20",1.1006666,0.27136588,0.08466667,64614.55,3735.578,39.79333,82.71933,0.48106447,0.43556252,0.32265604,0.1653861,0.32843772,0.2188527,0.11647515,0.32370073,0.23412888,0.12001088,0.0627139,18.962822,29,1167.0103,4300,811.4754,5800,268.85245,800,100,100,1206.8494,7200,0.17872341,0.06382979,0.33404255,0.40851063,0.49574468,0.52340424,0.43617022,0.9468085,0.6042553,0.44468084
"81","sim-15-1-0.01-0.4-5-1.3-0.09-1-20",0.99769086,0.27549708,0.090699166,116094.94,6834.5454,69.83836,106.84362,0.6536503,0.46395755,0.31610447,0.21965656,0.33251056,0.24339783,0.113013245,0.39139262,0.21522415,0.10808982,0.04788067,32.0653,47,1537.6,6100,951.7007,2600,350.34015,1700,100,100,1072.4138,5500,0.3103896,0.1935065,0.27662337,0.42337662,0.43116882,0.45194805,0.44415584,0.86883116,0.64285713,0.6857143
"82","sim-15-1-0.01-0.4-5-1.3-0.09-2-20",1.10871,0.27380586,0.092392504,118262.41,6546.1934,70.77266,106.06659,0.6672474,0.46909377,0.31768396,0.23690228,0.37427312,0.22177215,0.12665838,0.38646758,0.22549821,0.115494266,0.050866596,37.864494,40,1572.5,7300,1067.3611,3500,363.19446,1000,100,100,1132.3369,14500,0.4229765,0.1997389,0.018276762,0.4373368,0.37989557,0.39817232,0.4543081,0.883812,0.6840731,0.50391644
"83","sim-15-1-0.01-0.4-5-1.3-0.09-4-20",0.84243333,0.26699165,0.10530417,67394.664,3452.1863,81.505424,62.02415,1.3140917,0.38810205,0.3198295,0.25290546,0.31861025,0.23359668,0.12781015,0.39178842,0.2016289,0.10276668,0.048561756,68.91809,132,1530.5084,5800,947.2973,1900,420.27026,1100,105.4054,400,505.27704,6900,0.3397933,0.10981912,0.12661499,0.36434108,0.29069766,0.30878553,0.38113695,0.95090437,0.6782946,0.4392765
"84","sim-15-1-0.01-0.4-5-1.3-0.09-5-20",1.2011025,0.30097786,0.092392504,118262.41,6751.4897,71.88137,107.544876,0.66838485,0.6267057,0.31227523,0.2797575,0.30532062,0.22774175,0.11090128,0.39862332,0.21608233,0.08699401,0.048197716,41.185764,50,1562.6984,9500,1013.6986,5600,283.56165,700,100,100,1056.4644,8400,0.622108,0.32133675,0.05269923,0.75321335,0.7570694,0.7763496,0.7724936,0.87275064,0.74678665,0.7969152
"85","sim-15-1-0.01-0.4-5-1.3-0.11-1-20",1.1885084,0.3022773,0.118850835,76064.53,4835.565,90.80204,73.449814,1.236246,0.5226401,0.32496694,0.1828393,0.33906013,0.20599224,0.1980288,0.34404954,0.23364303,0.07830703,0.04510151,75.02614,104,1818.4615,6900,1451.948,8400,418.18182,1100,100,100,734.32434,5500,0.36387435,0.12565444,0.02617801,0.5667539,0.62172776,0.64136124,1,0.87041885,0.6924084,0.42801046
"86","sim-15-1-0.01-0.4-5-1.3-0.11-2-20",1.2287251,0.40806025,0.136525,87376,4914.081,106.76255,85.05508,1.2552167,0.57295626,0.31902066,0.25181976,0.33775073,0.21892537,0.13268878,0.37386787,0.22181475,0.112879924,0.060593434,65.49258,140,1702.9412,5800,1316.6666,3300,398.71796,1800,120.51282,200,678.553,5300,0.41560102,0.23017903,0.5588235,0.584399,0.62787724,0.64450127,0.8286445,0.9411765,0.7544757,0.55754477
"87","sim-15-1-0.01-0.4-5-1.3-0.11-4-20",1.2043834,0.29200384,0.12043834,77080.53,5590.8677,94.42365,75.03308,1.258427,0.45346117,0.31496182,0.26324293,0.3120786,0.23411818,0.11813619,0.38596755,0.18659659,0.12266,0.04743543,70.56909,189,2127.6924,4100,1375.641,2600,587.1795,2000,117.948715,200,835.958,6000,0.23979592,0.18877551,0.08035714,0.014030612,0.4630102,0.48214287,0.4655612,0.6441327,0.76403064,0.5714286
"88","sim-15-1-0.01-0.4-5-1.3-0.11-5-20",1.3097932,0.33160225,0.09355666,119752.52,9112.512,71.6644,114.98113,0.6232709,0.43266758,0.31835243,0.23853965,0.3493804,0.23830351,0.12297615,0.37523228,0.20860155,0.107062556,0.061888482,52.506035,49,1908.8889,8900,1246.7533,6600,374.02597,2100,100,100,1363.9785,9100,0.35770234,0.17101827,0.075718015,0.39686683,0.3707572,0.39425588,0.42167103,0.8929504,0.66057444,0.4386423
"89","sim-15-1-0.01-0.4-5-1.3-0.13-1-20",1.863725,0.4011056,0.124248326,159037.86,13807.096,96.540955,159.6591,0.6046693,0.5686539,0.32704186,0.21860068,0.3560135,0.24274465,0.11262092,0.34689763,0.24387851,0.11946907,0.0792171,44.392193,72,2095.139,8400,1371.4286,3900,440.99377,2800,131.05591,200,1694.6809,15200,0.46589446,0.23037323,0.02960103,0.4774775,0.87644786,0.8996139,0.7657658,0.8558559,0.9021879,0.51608753
"90","sim-15-1-0.01-0.4-5-1.3-0.13-2-20",1.2811124,0.42974067,0.14234583,91101.33,6682.282,111.74147,91.38602,1.2227415,0.45236248,0.30537713,0.2714724,0.30898517,0.21344581,0.15135054,0.37214553,0.20965406,0.07662321,0.04126193,69.78183,131,2498.4849,8700,1561.25,3300,512.5,1600,102.5,200,871.97943,3900,0.43694267,0.09426752,0.10828026,0.35923567,0.32611465,0.34267515,0.37707007,0.9401274,0.8063694,0.5044586
"91","sim-15-1-0.01-0.4-5-1.3-0.13-4-20",1.9303999,0.5311677,0.12869333,164727.47,13190.809,102.954666,166.65787,0.6177606,0.54954374,0.31495172,0.28293234,0.3466214,0.227702,0.10075319,0.36883646,0.24342914,0.11529981,0.07148432,47.79304,60,2059.3103,6200,1269.1357,5100,441.9753,1600,129.01234,200,1497.4874,9100,0.5075,0.37125,0.25875,0.43125,0.5175,0.53625,0.54375,0.90875,0.89875,0.55375
"92","sim-15-1-0.01-0.4-5-1.3-0.13-5-20",1.6319499,0.43314478,0.108796656,139259.72,13174.079,87.03733,138.38934,0.6289308,0.50427806,0.32322833,0.21470985,0.35266623,0.27230385,0.11353633,0.34278092,0.22708917,0.14691673,0.08178282,59.12481,80,2351.0637,15500,1581.761,3700,525.1572,2100,136.47798,200,1743.7186,11000,0.54375,0.08875,0.055,0.4375,0.41875,0.44,0.675,0.6325,0.83,0.60375
"93","sim-15-1-0.01-0.4-5-1.3-0.15-1-20",1.8920883,0.5140273,0.13514917,172990.92,16463.195,107.84903,179.34294,0.60135645,0.44926032,0.3204069,0.23511063,0.3379469,0.2919509,0.09214793,0.3391208,0.22988138,0.13317735,0.08535895,54.433487,105,2334.437,10400,1608.4337,6300,469.2771,1200,122.89156,200,1782.8716,9200,0.4461153,0.19799499,0.09398496,0.27192983,0.28822055,0.30952382,0.5250627,0.63408524,0.8596491,0.48872182
"94","sim-15-1-0.01-0.4-5-1.3-0.15-2-20",2.241021,0.5535819,0.20372917,130386.664,8827.381,161.14977,134.86871,1.194864,0.46679464,0.2983264,0.29132915,0.390039,0.1851416,0.09234,0.39703202,0.2825821,0.10683376,0.047589373,64.09369,99,2337.838,8900,1684.3374,4400,508.43375,1400,100,100,875,6300,0.39949432,0.27180785,0.17825538,0.3754741,0.3754741,0.39064476,0.39064476,0.920354,0.7193426,0.4386852
"95","sim-15-1-0.01-0.4-5-1.3-0.15-4-20",2.6623433,0.47558352,0.14012332,179357.86,19026.787,110.697426,186.64427,0.5930931,0.57843846,0.3114778,0.22526623,0.3492628,0.25521776,0.10185881,0.33332598,0.25753024,0.13953574,0.055904143,56.850613,80,2411.842,8700,1648.503,5000,540.71857,3800,118.562874,200,1952.185,11400,0.43164557,0.017721519,0.5329114,0.62151897,0.58101267,0.6050633,0.8202532,0.9607595,0.8037975,0.47468355
"96","sim-15-1-0.01-0.4-5-1.3-0.15-5-20",2.2224998,0.5343642,0.14816667,189653.33,18317.844,118.08883,197.06166,0.5992481,0.5047974,0.3137057,0.20808056,0.3169053,0.25063497,0.16526733,0.32857722,0.20856588,0.08097549,0.04378387,46.470577,92,2440.1316,9200,1548.7952,3800,527.7108,2200,127.10844,200,1881.5657,11600,0.510665,0.2208281,0.13425346,0.106649935,0.47678795,0.49811795,0.44416562,0.9297365,0.846926,0.553325
"97","sim-15-1-0.01-0.4-5-1.3-0.17-1-20",1.9115616,0.44334897,0.17377833,111218.13,11235.812,137.45866,118.34304,1.1615272,0.5064336,0.30752861,0.23476553,0.364854,0.25516582,0.098304875,0.35653305,0.25148478,0.12186031,0.0702951,76.74943,208,3127.6316,7600,2103.5293,6200,618.82355,2100,130.58824,200,1232.5641,6300,0.48166877,0.17825538,0.20353982,0.60303414,0.71175724,0.73324907,0.6498104,0.7243995,0.7863464,0.528445
"98","sim-15-1-0.01-0.4-5-1.3-0.17-2-20",1.9045767,0.37894467,0.17314333,110811.734,10519.323,136.09065,117.56432,1.1575847,0.44232306,0.3110795,0.2430088,0.35419306,0.24416098,0.123545386,0.36192906,0.24763393,0.1042548,0.06919595,71.93065,182,3067.1052,6900,1996.4706,8100,664.7059,2500,134.11765,200,1210.909,8900,0.47582698,0.18447837,0.07124682,0.22900763,0.6666667,0.6870229,0.6386768,0.716285,0.9020356,0.52035624
"99","sim-15-1-0.01-0.4-5-1.3-0.17-4-20",1.8358909,0.48163357,0.16689917,106815.47,10498.125,133.18553,112.49004,1.1839763,0.4349816,0.30202448,0.21729384,0.32191858,0.2805043,0.1247357,0.3700259,0.22829525,0.097486526,0.039061382,80.92994,183,3266.6667,8000,2435.7144,7700,719.0476,4600,117.85714,200,1309.068,6500,0.5250627,0.15413533,0.13283208,0.04761905,0.50877196,0.5313283,0.5989975,0.6065163,1,0.5701754
"100","sim-15-1-0.01-0.4-5-1.3-0.17-5-20",2.889885,0.64412355,0.16054916,205502.94,21031.139,128.43933,217.70467,0.5899705,0.6292003,0.31513345,0.21741287,0.35034162,0.2598038,0.096583836,0.33671513,0.24124585,0.1622352,0.06053666,53.54216,76,2592.9487,12300,1461.1765,4900,515.8823,3100,101.17647,300,1886.4321,7100,0.4875,0.24375,0.19375,0.825,0.89,0.91125,0.8575,0.83625,0.7925,0.53
"101","sim-15-1-0.01-0.4-5-1.3-0.19-1-20",3.4040234,0.76021296,0.15472834,198052.27,25553.54,123.78267,215.38185,0.57471263,0.4320853,0.3199071,0.22220877,0.35455433,0.27711004,0.11055337,0.31046134,0.24294737,0.16203353,0.07413821,64.48122,128,2863.975,9700,2059.1953,6000,668.9655,2400,112.64368,200,2388.4421,12600,0.4675,0.19,0.06375,0.2225,0.44875,0.47375,0.48375,0.53625,0.78875,0.4975
"102","sim-15-1-0.01-0.4-5-1.3-0.19-2-20",3.9568965,0.72065544,0.15218833,194801.06,25426.713,121.75066,211.08522,0.57678443,0.5128167,0.31485537,0.22859332,0.35627925,0.24796797,0.10054228,0.3279864,0.24969774,0.16222154,0.05779475,60.245907,84,3052.795,7300,1995.3757,4600,620.2312,2400,124.27746,200,2455.6392,11300,0.5,0.12,0.24125,0.31625,0.7725,0.79625,0.7875,0.70875,0.9975,0.53125
"103","sim-15-1-0.01-0.4-5-1.3-0.19-4-20",4.3735623,0.8004287,0.1749425,223926.39,24633.828,139.954,243.17006,0.5755396,0.56187403,0.31305644,0.2608035,0.42285758,0.20479225,0.08127916,0.34095347,0.29638308,0.16170612,0.07630086,44.28059,85,2457.4075,6400,1716.6666,3800,489.65518,2700,120.68965,200,1999.4962,12100,0.51875,0.33125,0.46875,0.535,0.67875,0.7,0.6875,0.6925,0.95125,0.54875
"104","sim-15-1-0.01-0.4-5-1.3-0.19-5-20",2.24917,0.612161,0.18743083,119955.734,12385.992,149.75723,129.13985,1.1596516,0.52147424,0.307869,0.24264939,0.3846829,0.2283038,0.10638137,0.3371215,0.2799056,0.12405611,0.05096621,74.122734,239,3196.1538,7000,2318.6047,4900,697.67444,2100,113.95349,200,1341.058,7900,0.56821024,0.33667085,0.16645807,0.14017522,0.6095119,0.62828535,0.62828535,0.7133917,0.8035044,0.59949934
"105","sim-15-1-0.01-0.4-5-1.3-0.21-1-20",2.4016757,0.46076828,0.21833415,139733.86,15529.454,172.70232,152.61557,1.1316166,0.46823457,0.29898536,0.23033448,0.33431748,0.21969154,0.17460318,0.3540709,0.20970939,0.109480225,0.040631548,73.82822,231,3378.205,7500,2563.2185,7500,850.5747,2700,108.045975,200,1509.3995,5600,0.437421,0.12642226,0.011378002,0.34007585,0.38432363,0.40328696,0.88369155,0.8938053,0.9987358,0.47408345
"106","sim-15-1-0.01-0.4-5-1.3-0.21-2-20",4.1494074,0.79863703,0.19759083,252916.27,30606.621,157.87508,277.6151,0.56868327,0.4933069,0.30340922,0.21037579,0.31380448,0.24240312,0.1671089,0.32244882,0.22291945,0.084648706,0.041607756,52.81745,105,3068.6748,12800,1737.5,5200,582.9545,3400,102.84091,200,2328.2117,9600,0.44680852,0.19774719,0.14518148,0.25531915,0.2703379,0.29286608,0.8861076,0.9474343,0.824781,0.4793492
"107","sim-15-1-0.01-0.4-5-1.3-0.21-4-20",3.2088666,0.71164805,0.20055416,128354.664,13977.222,160.24278,139.78625,1.1463414,0.59132427,0.30377093,0.26051396,0.3978018,0.23438509,0.075115144,0.36342242,0.30211067,0.12964,0.06768255,73.67345,167,3117.7214,8600,2225.2874,5900,728.73566,2200,121.83908,200,1309.068,10300,0.48685858,0.26533166,0.5381727,0.5607009,0.5594493,0.57822275,0.6946183,0.8585732,0.8072591,0.51564455
"108","sim-15-1-0.01-0.4-5-1.3-0.21-5-20",4.2316403,0.5845156,0.17631833,225687.47,30638.838,138.58621,247.1983,0.5606277,0.525085,0.3085171,0.19284686,0.36983368,0.27565747,0.11223456,0.31613627,0.24593428,0.14222248,0.075680494,51.893265,119,2977.439,7800,2101.7144,4400,654.8571,2200,134.85715,200,2619.6382,12300,0.41221374,0.007633588,0.3740458,0.49872774,0.55979645,0.5839695,0.5585242,0.96564883,0.846056,0.4427481
"109","sim-15-1-0.01-0.4-5-1.3-0.23-1-20",4.3376846,0.8867497,0.188595,241401.6,31737.896,149.93301,267.0505,0.5614407,0.5262162,0.31782722,0.2056202,0.37690005,0.27468714,0.10321714,0.31874904,0.2598196,0.16118988,0.08126642,51.832314,87,2754.8193,9200,2067.7966,5400,642.37286,2700,125.42373,200,2422.785,17400,0.46037737,0.17358491,0.2654088,0.33836478,0.7534591,0.7773585,0.69685537,0.8125786,1,0.49056605
"110","sim-15-1-0.01-0.4-5-1.3-0.23-2-20",3.3358667,0.8001665,0.20849167,266869.34,36112.008,166.79333,295.64117,0.5641749,0.5313581,0.30442232,0.17831369,0.31987345,0.2556147,0.17885062,0.3090886,0.20557602,0.0850086,0.04007367,46.998524,140,3258.4338,13000,2229.3784,9400,676.2712,2600,131.07344,200,2645.98,10400,0.46875,0.0175,0.03625,0.54125,0.53875,0.56,0.87625,0.95625,0.97375,0.50125
"111","sim-15-1-0.01-0.4-5-1.3-0.23-4-20",3.2992485,0.82423174,0.25378832,162424.53,18915.605,202.77689,180.6973,1.122191,0.38660613,0.31080297,0.23416473,0.42092764,0.24756819,0.06843948,0.35326633,0.29539937,0.1751439,0.080125585,68.016914,179,3234.9397,8000,2459.5505,5900,902.2472,2000,134.09091,600,1457.4308,7700,0.48685858,0,0.17021276,0.16270338,0.28035045,0.2991239,0.39048812,0.4793492,0.76220274,0.5181477
"112","sim-15-1-0.01-0.4-5-1.3-0.23-5-20",3.733271,0.8935066,0.21960418,281093.34,35034.992,175.68333,311.61832,0.5637773,0.43211442,0.30490255,0.22587864,0.37887135,0.26097393,0.09712481,0.33390373,0.26949862,0.11604205,0.06483763,43.1832,131,3035.3293,8900,1958.1921,6800,679.09607,2700,133.33333,200,2478.8945,21100,0.46625,0.145,0.11875,0.3825,0.42375,0.44375,0.44375,0.5375,0.8925,0.4975
"113","sim-15-1-0.01-0.4-5-1.3-0.25-1-20",4.43992,0.9358301,0.23368,299110.4,40450.473,186.47664,334.3961,0.557652,0.46917412,0.3108035,0.21301314,0.3832018,0.2417592,0.11543483,0.3209264,0.2773567,0.13412324,0.047278482,47.19268,124,3144.3787,9200,2173.743,4500,689.94415,2100,139.10614,200,2662.9724,9400,0.5050125,0.018796992,0.1904762,0.13283208,0.6754386,0.6967419,0.69548875,0.6566416,0.9586466,0.5300752
"114","sim-15-1-0.01-0.4-5-1.3-0.25-2-20",3.963564,0.79238683,0.23315082,298433.06,37356.355,185.58806,333.17252,0.5570329,0.559571,0.30341336,0.23899041,0.39379245,0.24636759,0.07930148,0.33405733,0.29338926,0.1407467,0.05937313,48.93202,135,2846.7456,8300,2120.6704,5100,591.6201,4600,131.84358,200,2488.3838,22000,0.56155777,0.25376883,0.3052764,0.5477387,0.60427135,0.6256281,0.6005025,0.8203518,0.9032663,0.59045225
"115","sim-15-1-0.01-0.4-5-1.3-0.25-4-20",4.206663,0.97788817,0.22140333,283396.25,43040.363,177.12267,318.8208,0.5555556,0.45059586,0.31084347,0.19859257,0.3593864,0.3088149,0.084095515,0.30284777,0.2586292,0.13652404,0.07316948,49.889248,120,3321.5117,11800,2461.111,6200,740,2600,130.1676,200,2892.7136,10700,0.35875,0.08375,0.1775,0.39625,0.40375,0.42625,0.6775,0.76875,0.86875,0.38875
"116","sim-15-1-0.01-0.4-5-1.3-0.25-5-20",4.601633,0.96818304,0.23008166,294504.53,43317.016,184.06532,330.85742,0.55632824,0.56070566,0.31006137,0.21170352,0.37173605,0.27857628,0.10140863,0.32527566,0.25682005,0.1523254,0.070537746,51.652874,120,3177.907,10000,2388.3333,5400,822.2222,3100,133.88889,200,2835.1758,16000,0.51,0.1325,0.34,0.47375,0.4825,0.50375,0.705,0.965,0.975,0.53875
"117","sim-15-1-0.01-0.4-5-1.3-0.27-1-20",4.5987754,0.97277796,0.24204081,309812.25,42630.65,193.14857,349.50693,0.55263156,0.53514177,0.2871474,0.23977743,0.4046954,0.21810026,0.0831261,0.36058027,0.27755067,0.118526086,0.0678249,49.178448,101,3279.0698,7300,1916.0221,6200,538.1215,2000,125.96685,200,2648.7373,11700,0.47619048,0.17418547,0.3508772,0.52380955,0.6165413,0.6378446,0.5914787,0.9423559,0.9160401,0.5012531
"118","sim-15-1-0.01-0.4-5-1.3-0.27-2-20",3.5722983,0.876514,0.25516415,163305.06,22854.033,204.13133,183.97336,1.10957,0.47634125,0.30461952,0.2216801,0.37594622,0.25265166,0.109517,0.3311971,0.25543174,0.105709754,0.042605452,71.20715,288,3693.9758,8300,3073.3333,5600,976.6667,3000,128.40909,800,1705.67,9800,0.38375,0.15875,0.155,0.3375,0.33625,0.35625,0.79125,0.87625,0.73625,0.41875
"119","sim-15-1-0.01-0.4-5-1.3-0.27-4-20",3.3680398,0.9536413,0.25908,165811.19,21578.254,207.26399,186.5376,1.1111112,0.5060063,0.3080849,0.24009462,0.4292575,0.21878302,0.070574395,0.33160838,0.29935884,0.17402267,0.074092306,75.5922,223,3613.253,7500,2331.111,5200,1011.1111,2600,128.08989,200,1542.6066,13300,0.495,0.055,0.3625,0.40875,0.51625,0.53625,0.555,0.675,0.8075,0.5175
"120","sim-15-1-0.01-0.4-5-1.3-0.27-5-20",4.278418,0.70309734,0.25167167,322139.72,44231.043,198.56894,363.66556,0.54602075,0.47890526,0.30050454,0.22860444,0.4023067,0.22548066,0.08388668,0.3227216,0.28759196,0.1662314,0.06557079,36.3953,104,3251.462,6900,2227.6243,4600,580.1105,3200,130.93922,200,2752.9412,17200,0.4714829,0.18377693,0.24588086,0.26362485,0.5234474,0.54372627,0.5614702,0.7008872,0.9873257,0.49683145
"121","sim-15-1-0.01-0.4-5-1.3-0.29-1-20",3.343275,0.8776711,0.257175,329184,45859.703,204.7113,374.18964,0.547079,0.48806912,0.29891008,0.21091178,0.37440908,0.272245,0.10338098,0.32678708,0.24849568,0.13673656,0.056280527,39.10092,126,3587.2832,8900,2560.989,6400,680.7692,2700,131.86813,200,3125.7576,18600,0.46105528,0.09296482,0.15201005,0.56155777,0.56407034,0.5841709,0.6507538,0.7198492,0.8982412,0.48994976
"122","sim-15-1-0.01-0.4-5-1.3-0.29-2-20",3.711575,0.75706923,0.2651125,339344,43712.016,211.82489,385.73868,0.5491409,0.5480128,0.29437158,0.23141539,0.37040654,0.25720975,0.091350734,0.33764958,0.2641966,0.110558525,0.037026703,41.56829,174,3722.9885,7700,2807.6924,6900,791.75824,2100,128.57143,200,3342.9648,19400,0.514393,0.18147685,0.22653316,0.26658323,0.59199,0.60826033,0.620776,0.8047559,0.9274093,0.5394243
"123","sim-15-1-0.01-0.4-5-1.3-0.29-4-20",3.1176383,0.8001911,0.28342167,181389.88,23578.133,226.45392,205.76413,1.100551,0.49141803,0.29580972,0.23533796,0.38438052,0.24691373,0.086535804,0.34406367,0.27753,0.1285716,0.047180586,67.10659,344,3691.7646,7100,2918.6814,6100,863.73627,2700,114.28571,200,1705.2897,8600,0.4580726,0.0738423,0.23153943,0.37546933,0.40425533,0.42177722,0.7947434,0.78723407,0.7634543,0.48811013
"124","sim-15-1-0.01-0.4-5-1.3-0.29-5-20",4.6947665,1.0254624,0.23473834,300465.06,46776.777,187.79066,340.37057,0.55172414,0.5883314,0.3082912,0.21997069,0.3900297,0.26967162,0.07373841,0.32381368,0.273626,0.1528313,0.079649925,48.544598,120,3513.372,11100,2271.8232,5100,748.0663,2000,140.55556,400,2947.7388,11200,0.51875,0.135,0.34,0.4875,0.5125,0.53625,0.69625,0.8675,0.88,0.5425
"125","sim-15-1-0.01-0.4-5-1.3-0.3-1-20",3.2854903,0.7945874,0.25273,323494.4,42741.953,202.184,368.7331,0.5483208,0.5512072,0.2972392,0.21517138,0.3985549,0.24740866,0.088693894,0.3301778,0.28012487,0.1490353,0.052648697,42.35348,156,3597.1265,7200,2806.044,6000,807.1429,2100,110.43956,300,3268.8442,17600,0.46625,0.15875,0.3325,0.5875,0.61,0.6275,0.8475,0.81,0.9725,0.485
"126","sim-15-1-0.01-0.4-5-1.3-0.31-1-20",2.5898476,0.7439891,0.28776082,184166.94,22824.326,230.20866,210.0654,1.0958904,0.509889,0.29118037,0.2184021,0.36158705,0.27885574,0.09323348,0.34046927,0.26599595,0.120818995,0.04334506,64.78192,364,3739.2856,6600,2636.2637,5500,850.54944,2100,119.78022,200,1654.5918,10100,0.44875,0.0625,0.23,0.44625,0.455,0.47,0.81625,0.8225,0.92,0.4775
"127","sim-15-1-0.01-0.4-5-1.3-0.31-2-20",3.42519,0.5838857,0.2854325,365353.6,46114.758,224.63538,417.01688,0.53867215,0.49924168,0.29295954,0.23609658,0.38244998,0.22159432,0.10061834,0.33146614,0.26845586,0.15119366,0.05961835,40.295933,207,3742.0454,8100,2718.0327,7900,771.5847,3100,137.70493,200,3384.2783,14700,0.48792884,0.039390087,0.14612453,0.3888183,0.39644217,0.41296062,0.656925,0.635324,0.87674713,0.5133418
"128","sim-15-1-0.01-0.4-5-1.3-0.31-4-20",3.42646,0.81554127,0.28553835,365489.06,46258.35,227.85959,417.45703,0.5458276,0.5463744,0.29011226,0.20872325,0.37073776,0.28054863,0.07143033,0.33456582,0.2591294,0.13916323,0.065004565,41.7291,196,3861.7144,9000,2800,5800,798.36066,2300,129.5082,200,3465.9949,17800,0.5388471,0.1641604,0.30451128,0.34461153,0.4310777,0.4473684,0.47243106,0.877193,0.89849627,0.5689223
"129","sim-15-1-0.01-0.4-5-1.3-0.31-5-20",3.2131,0.88812256,0.29209998,373887.97,48502.617,233.68,427.63437,0.5464481,0.47149014,0.30241826,0.22891574,0.3867677,0.27099994,0.07400872,0.33479476,0.26512215,0.13369629,0.06242171,34.272526,180,3529.1428,8800,2549.1804,4300,835.5191,2800,139.34427,200,3204.2712,19300,0.475,0.19375,0.17625,0.43375,0.55625,0.57125,0.57875,0.7975,0.975,0.49625
"130","sim-15-1-0.01-0.4-5-1.3-0.33-1-20",4.105275,0.73353887,0.273685,350316.8,50562.21,217.3059,403.138,0.539036,0.484049,0.30493996,0.22161238,0.4342557,0.22649476,0.06256157,0.3158607,0.31412318,0.17370336,0.06929514,42.11766,167,3632.7683,8100,2765.761,6000,881.5217,3300,142.39131,600,3375.9495,15200,0.46347606,0.12846348,0.19521411,0.42317382,0.41561714,0.43324938,0.58564234,0.6599496,0.7065491,0.4836272
"131","sim-15-1-0.01-0.4-5-1.3-0.33-2-20",3.7147498,0.8459972,0.28574997,365759.97,48305.75,227.17123,418.62372,0.54266214,0.48052114,0.2982479,0.21480162,0.3766068,0.2693361,0.086673096,0.3260179,0.25477228,0.11428048,0.04352584,35.379242,227,3550.568,8000,2792.3496,13300,792.8962,2600,126.22951,200,3308.3333,17400,0.4427673,0.028930817,0.19119497,0.4779874,0.48427674,0.50062895,0.7811321,0.88427675,0.91320753,0.4691824
"132","sim-15-1-0.01-0.4-5-1.3-0.33-4-20",4.510511,0.8421735,0.26532418,339614.94,47473.66,211.46336,390.02655,0.54217684,0.55206823,0.29551357,0.22280036,0.42483807,0.23663282,0.07536593,0.34767252,0.28278014,0.15041329,0.06678701,44.479897,203,3572.5715,7600,2709.7827,5900,785.86957,2800,148.36957,1000,3226.7002,17500,0.46549562,0.03638645,0.2735257,0.4880803,0.5144291,0.531995,0.64115435,0.6813049,0.8732748,0.4868256
"133","sim-15-1-0.01-0.4-5-1.3-0.33-5-20",5.103495,0.9550134,0.268605,343814.4,47465.727,214.07819,395.11798,0.5418083,0.47479835,0.29870543,0.23168772,0.42547762,0.22108854,0.08262597,0.33679658,0.2835914,0.16399565,0.062259495,41.603638,181,3510.8572,7500,2469.0217,5700,821.1957,3100,138.04347,400,3165.9092,19500,0.4165621,0.041405268,0.11668758,0.3613551,0.40276036,0.42158094,0.5934755,0.629862,0.95859474,0.4353827
"134","sim-15-1-0.01-0.4-5-1.3-0.35-1-20",3.63347,0.626249,0.30278918,387570.12,51115.355,239.20345,446.9168,0.53523034,0.48884243,0.29866037,0.21528892,0.3992477,0.26372656,0.071533926,0.32337767,0.2787667,0.17199302,0.063797645,35.131973,211,3801.6948,6600,2976.7568,6400,952.43243,2700,151.63043,500,3609.1604,13600,0.49620253,0.14050633,0.30126584,0.36835444,0.4278481,0.443038,0.52405065,0.6721519,0.9835443,0.5151899
"135","sim-15-1-0.01-0.4-5-1.3-0.35-2-20",3.9842017,0.7992119,0.28458583,364269.88,50995.504,227.66867,419.7641,0.5423729,0.45607653,0.29697734,0.2119291,0.39351088,0.27730033,0.078357294,0.32479686,0.26060873,0.16480647,0.062446985,38.20293,197,4131.073,8300,3128.261,6100,939.13043,3200,146.73914,800,3756.2815,19700,0.47875,0.06625,0.2375,0.405,0.44,0.455,0.625,0.675,0.92,0.50125
"136","sim-15-1-0.01-0.4-5-1.3-0.35-4-20",4.173855,0.76841915,0.29813248,381609.6,47056.637,237.61159,438.25476,0.54217684,0.4849109,0.29321146,0.2252436,0.38156843,0.2547802,0.09823363,0.34015256,0.2609511,0.14433786,0.054936074,35.798447,217,3797.191,8400,2899.4565,5800,851.63043,2500,140.21739,400,3520.655,14800,0.47929737,0.067754075,0.114178166,0.5156838,0.54956084,0.5633626,0.7101631,0.74905896,0.9297365,0.5018821
"137","sim-15-1-0.01-0.4-5-1.3-0.35-5-20",4.1660233,0.7180774,0.32046333,410193.06,55361.645,255.08882,473.0039,0.5392954,0.53811246,0.3026768,0.21689676,0.37538132,0.2732135,0.090336025,0.31736854,0.27984717,0.14684379,0.06816011,31.022467,218,3669.6628,8000,3099.4595,7100,1038.919,3800,164.32433,800,3697.7273,13700,0.49748743,0.13819095,0.25251257,0.36432162,0.3982412,0.41331658,0.7776382,0.8241206,0.91457283,0.51758796
"138","sim-15-1-0.01-0.4-5-1.3-0.37-1-20",4.33324,0.65569437,0.2708275,346659.22,49248.9,213.6829,400.28305,0.5338295,0.47176284,0.30572158,0.22242996,0.40233493,0.25703067,0.07542096,0.31191227,0.28351462,0.1608229,0.073446766,47.101353,188,3393.2585,6900,2862.7026,6400,924.32434,2700,160.54054,1700,3388.2654,16000,0.45500633,0.06590621,0.24968314,0.38403043,0.40937895,0.42712295,0.5107731,0.5792142,0.9429658,0.47401774
"139","sim-15-1-0.01-0.4-5-1.3-0.37-2-20",3.44424,0.583609,0.28702,367385.6,47364.043,226.7458,425.07663,0.53342336,0.549934,0.3010271,0.22534844,0.41508907,0.25415707,0.07134893,0.3258514,0.29227972,0.15381166,0.06676766,38.235664,186,3597.7654,8100,2849.7297,6000,991.8919,3700,165.40541,600,3514.7583,19500,0.51898736,0.08987342,0.4101266,0.5303798,0.50253165,0.51772153,0.6493671,0.7620253,0.9392405,0.5417721
"140","sim-15-1-0.01-0.4-5-1.3-0.37-4-20",4.1894126,0.6441492,0.27929416,357496.53,51423.082,220.3631,413.07608,0.53346854,0.4974255,0.2950574,0.21075615,0.41090497,0.2433711,0.078297615,0.32762143,0.28469244,0.15110418,0.06635962,48.0549,164,4032.7683,6800,2968.6487,6300,871.3514,2800,141.08109,1300,3708.9744,13900,0.4068441,0.08365019,0.25855514,0.4537389,0.43726236,0.45500633,0.5031686,0.72623575,0.9531052,0.43219265
"141","sim-15-1-0.01-0.4-5-1.3-0.37-5-20",3.8922327,0.7669879,0.2994025,383235.22,48738.24,236.52798,443.11572,0.5337838,0.45982945,0.30139944,0.23003349,0.39332864,0.244826,0.0699143,0.3153116,0.2968578,0.14313358,0.057818595,39.02089,242,3696.0674,6600,3298.919,6900,988.6486,3000,175.67567,900,3806.3613,18400,0.49367088,0.053164557,0.19367088,0.4329114,0.5113924,0.5253165,0.5316456,0.75949365,0.9962025,0.51265824
"142","sim-15-1-0.01-0.4-5-1.3-0.39-1-20",4.6672497,0.90075725,0.31114998,398271.97,53104.902,247.05309,460.50198,0.5364865,0.526915,0.29707637,0.22206794,0.42633575,0.23603617,0.060759462,0.32507193,0.29772723,0.16509348,0.06484915,41.28159,190,3739.6648,7600,2941.6216,6000,851.3514,2800,184.32433,1300,3533.0808,19200,0.51511335,0.06801008,0.33627203,0.45717883,0.5050378,0.5214106,0.5377834,0.70780855,0.9861461,0.53400505
"143","sim-15-1-0.01-0.4-5-1.3-0.39-2-20",3.0405917,0.7307348,0.30405918,389195.72,48280.035,242.6392,449.39944,0.5399188,0.53696054,0.28999358,0.2054917,0.36577132,0.2896999,0.08442863,0.3256479,0.25887206,0.124306455,0.05406682,36.234535,216,3959.887,8600,3057.838,7600,879.4595,2700,152.43243,700,3689.6726,15200,0.48746866,0.100250624,0.20927319,0.52130324,0.575188,0.5902256,0.6904762,0.7380952,0.9736842,0.50751877
"144","sim-15-1-0.01-0.4-5-1.3-0.39-4-20",3.74523,0.62626904,0.3121025,399491.2,53065.54,246.87308,463.16013,0.5330189,0.5279507,0.3037353,0.23209392,0.40754354,0.25159094,0.06790726,0.3255149,0.291973,0.15818757,0.07000106,31.21617,184,3489.4443,6900,3367.742,8000,1078.4946,3000,194.08603,1300,3776.8447,19900,0.5145386,0.02528445,0.3476612,0.39823008,0.44879898,0.46270543,0.7509482,0.84450066,0.9329962,0.53729457
"145","sim-15-1-0.01-0.4-5-1.3-0.39-5-20",4.3721867,0.6172605,0.27326167,349774.94,54019.188,216.96976,404.42728,0.5364865,0.4916975,0.30408278,0.20314847,0.3826682,0.27802086,0.08406388,0.29983863,0.2747783,0.14884943,0.06686968,41.07609,228,4006.1797,12100,3346.4866,6600,969.1892,3300,172.43243,1300,3934.264,20600,0.4672544,0.050377835,0.13476071,0.48488665,0.44710326,0.4647355,0.5579345,0.74055415,0.95465994,0.49118388
"146","sim-15-1-0.01-0.6-5-1.3-0.05-1-20",0.508,0.1698855,0.08466667,53376.24,2220.976,37.676666,62.23,0.60544217,0.5265928,0.33003175,0.19316103,0.2904468,0.16224459,0.15915675,0.35136473,0.1770738,0.0725831,0.05108265,21.802446,20,940.9091,6900,770.65216,1900,289.13043,600,100,100,823.4146,11400,0.24494383,0.22247191,0.051685393,0.43595505,0.44269663,0.46516854,0.45617977,0.894382,0.7303371,0.65842694
"147","sim-15-1-0.01-0.6-5-1.3-0.05-2-20",0.508,0.24097435,0.33866668,46531.19,1891.792,38.269333,57.82733,0.66178626,0.5143423,0.3238402,0.20291801,0.28705692,0.25993556,0.120435014,0.37235948,0.16245972,0.058002148,0.055809166,33.765156,16,1141.6666,10800,844.7059,5400,264.70587,400,127.05882,200,733.9286,11500,0.460177,0.19026549,0.24557522,0.19690265,0.50884956,0.53097343,0.5221239,0.96681416,0.88716817,0.63274336
"148","sim-15-1-0.01-0.6-5-1.3-0.05-4-20",0.508,0.15577644,0.08466667,44720.76,1680.718,37.253334,55.710667,0.668693,0.5326885,0.30966341,0.20694171,0.32859805,0.2039192,0.0980807,0.40451363,0.14810337,0.07228855,0.064984135,25.576801,29,908.7719,4900,796.3415,2000,207.31708,1500,100,100,666.6667,9700,0.48636365,0.3090909,0,0.575,0.6363636,0.6545454,0.6068182,0.6068182,0.8181818,0.65
"149","sim-15-1-0.01-0.6-5-1.3-0.05-5-20",0.508,0.20606443,0.08466667,60723.78,2028.698,50.884666,56.04933,0.907855,0.579308,0.32761794,0.31935227,0.3106715,0.16384959,0.072826676,0.37394097,0.25337005,0.102374695,0.0675264,17.666086,16,1028.0702,11500,828.91565,2400,275.90363,400,120.481926,200,545.1505,9700,0.45257902,0.46921796,0.55074877,0.5640599,0.5607321,0.57570714,0.5790349,0.9201331,0.7138103,0.57237935
"150","sim-15-1-0.01-0.6-5-1.3-0.07-1-20",0.76199996,0.23503146,0.08466667,84271.1,5095.071,54.864,87.545334,0.6266925,0.54585826,0.32522032,0.22067866,0.33282927,0.24204859,0.1237994,0.37259462,0.23769484,0.060570307,0.0422912,32.095028,34,1305.7693,9100,1079.0698,2900,342.63565,600,120.93023,200,1032.2981,11100,0.5632716,0.22067901,0.18055555,0.084876545,0.7021605,0.720679,0.6759259,0.8765432,0.85339504,0.66512346
"151","sim-15-1-0.01-0.6-5-1.3-0.07-2-20",0.79629,0.18682188,0.088476665,56625.066,2744.9001,69.10028,46.892635,1.4735849,0.5153685,0.31547096,0.26766375,0.3746132,0.19481692,0.10272692,0.37193784,0.24381125,0.13583033,0.057858434,69.762474,37,1926,4400,1625.7576,5700,543.9394,1400,121.21212,300,651.938,9100,0.5172855,0.2765685,0.4455826,0.3559539,0.5070422,0.5224072,0.51472473,0.74647886,0.95134443,0.6184379
"152","sim-15-1-0.01-0.6-5-1.3-0.07-4-20",1.1006666,0.2213362,0.16933334,87582.25,4734.56,55.456665,82.973335,0.6683673,0.5112575,0.32319927,0.26278612,0.29238197,0.21173105,0.122103006,0.34644136,0.23240343,0.11221388,0.043258227,54.570507,33,1279.5918,12600,962.6016,2800,392.68292,1200,105.691055,200,1012.5786,14900,0.43206108,0.13587786,0.17862596,0.52671754,0.50076336,0.5206107,0.54503816,0.99236643,0.8351145,0.65648854
"153","sim-15-1-0.01-0.6-5-1.3-0.07-5-20",0.9383183,0.22896051,0.08530167,54593.066,2849.161,65.68228,45.72169,1.4365672,0.54233515,0.30309466,0.26732734,0.32079878,0.17993473,0.11520613,0.38968894,0.21220921,0.12041555,0.034849256,76.79931,60,2407.6924,17300,1489.5522,7200,528.3582,3000,100,100,689.7638,6300,0.3987013,0.37272727,0.36753246,0.2896104,0.27272728,0.2883117,0.30649352,0.9415584,0.7935065,0.62857145
"154","sim-15-1-0.01-0.6-5-1.3-0.09-1-20",0.9279466,0.26851955,0.11599333,74235.734,5104.1704,92.2147,68.90004,1.3383838,0.546064,0.3125336,0.26115808,0.4106445,0.21416235,0.06965276,0.3948732,0.258931,0.15275884,0.05883556,74.09978,90,2495.082,7300,1740.5405,5000,635.13513,3300,110.810814,200,846.46466,4200,0.38113207,0.0918239,0.39245284,0.32704404,0.73836476,0.754717,0.7081761,0.73207545,0.85408807,0.572327
"155","sim-15-1-0.01-0.6-5-1.3-0.09-2-20",1.2573,0.28084043,0.114300005,73152,4727.448,90.4113,67.208405,1.3452381,0.48204848,0.2970531,0.27973887,0.35454544,0.2125,0.10887331,0.40101546,0.22637814,0.092988394,0.037209865,76.82326,87,2651.6128,11000,1660.8108,9500,451.35135,3000,116.21622,200,810.23016,10400,0.41466498,0.19595449,0.3034134,0.46902654,0.4437421,0.460177,0.8154235,0.7787611,0.7079646,0.48419723
"156","sim-15-1-0.01-0.6-5-1.3-0.09-4-20",1.27,0.3363418,0.08466667,107464.35,8599.932,62.992,101.6,0.62,0.5322874,0.33858278,0.2541792,0.35174355,0.24638195,0.07503889,0.32449248,0.26048988,0.16003111,0.07429066,50.56495,36,1617.6,17500,1458.6666,8600,608.6667,2100,120,300,1365.4054,9200,0.49865592,0.25,0.33333334,0.38575268,0.75537634,0.77956986,0.6639785,0.91935486,0.9408602,0.57123655
"157","sim-15-1-0.01-0.6-5-1.3-0.09-5-20",0.90932,0.25848657,0.113665,72745.6,5170.3936,88.999695,67.28968,1.3226352,0.44772324,0.30860758,0.24984612,0.33213156,0.23964562,0.1179432,0.37869328,0.21379265,0.08819909,0.036734965,75.54528,98,2378.6885,10000,1906.7567,4000,552.7027,2100,116.21622,200,880.31494,3000,0.47637293,0.0945083,0.06385696,0.0038314175,0.43422732,0.449553,0.49808428,0.65389526,0.87356323,0.5466156
"158","sim-15-1-0.01-0.6-5-1.3-0.11-1-20",1.3900151,0.28201613,0.126365,80873.6,6989.5015,98.43834,77.71448,1.2666667,0.50884557,0.32840553,0.24175586,0.36939543,0.23087214,0.110410035,0.32396224,0.27277985,0.111386314,0.036556263,75.05281,63,2321.5386,7900,2320.7793,6100,809.0909,6600,135.06494,200,1064.9215,4000,0.45442876,0.2605905,0.15661104,0.033376124,0.67008984,0.6880616,0.6405648,0.89602053,0.9974326,0.5109114
"159","sim-15-1-0.01-0.6-5-1.3-0.11-2-20",1.3006917,0.30903232,0.13006917,83244.266,7908.3354,103.7952,80.90302,1.2829581,0.4894462,0.32435748,0.1961152,0.36111248,0.2578905,0.11976777,0.3035312,0.26318645,0.107267976,0.04177563,78.24864,83,2554.5454,10800,2767.9487,5400,861.53845,6800,129.48718,200,1161.1111,8300,0.3709273,0.18170427,0.17293233,0.27694234,0.21303259,0.22932331,0.9047619,0.8295739,0.8696742,0.48872182
"160","sim-15-1-0.01-0.6-5-1.3-0.11-4-20",0.98467326,0.3578259,0.12308416,78773.86,6421.67,97.851906,76.189095,1.2843295,0.5329005,0.30141297,0.27571732,0.39566442,0.2110287,0.08036724,0.371054,0.27326396,0.117857896,0.04897169,75.69301,74,2504.4775,8200,2093.5066,7200,535.06494,2200,100,100,953.6709,5800,0.46792454,0.059119496,0.40754718,0.45031446,0.41761005,0.436478,0.46792454,0.8666667,0.7924528,0.5610063
"161","sim-15-1-0.01-0.6-5-1.3-0.11-5-20",1.59131,0.40821123,0.13260916,84869.87,7149.49,106.08733,82.88073,1.28,0.46371403,0.30034047,0.25186408,0.4028082,0.19673926,0.07463738,0.3604815,0.28632638,0.11612939,0.06488111,79.862114,72,3140.2986,6800,2179.487,7200,546.1539,1800,123.07692,200,1099.4974,7000,0.24625,0.04625,0.2325,0.37625,0.4425,0.45875,0.4525,0.755,0.70125,0.51875
"162","sim-15-1-0.01-0.6-5-1.3-0.13-1-20",2.0748625,0.36658922,0.13832416,88527.46,8707.2295,110.65933,87.5592,1.263823,0.5844012,0.32364112,0.21872021,0.32711127,0.2699212,0.1360647,0.3320995,0.21533647,0.09660354,0.030930292,76.125084,72,3046.875,11500,2413.924,8800,943.03796,7000,141.77216,500,1183.6683,8900,0.545,0.29375,0.20625,0.17625,0.87875,0.89625,0.84375,0.935,0.8025,0.61375
"163","sim-15-1-0.01-0.6-5-1.3-0.13-2-20",1.8184283,0.3939482,0.16531166,105799.46,9619.485,132.24933,105.964775,1.24805,0.52614695,0.29962274,0.24437189,0.3805293,0.24174257,0.08855473,0.38185254,0.24969926,0.13895859,0.05267228,76.792435,94,3356.3381,10400,2002.5,6300,670,1700,121.25,200,1160.3015,9100,0.52375,0.00625,0.26875,0.5375,0.505,0.51875,0.78625,0.72625,0.91125,0.5725
"164","sim-15-1-0.01-0.6-5-1.3-0.13-4-20",1.5949084,0.46309847,0.15949084,102074.13,10514.273,127.59267,103.03108,1.2383901,0.5024016,0.32225272,0.24444816,0.39952067,0.2520478,0.07660336,0.3159244,0.29271585,0.178994,0.068624474,74.662796,96,2759.155,8200,2809.8765,5200,924.69135,3800,149.38272,500,1267.2544,6200,0.46875,0.16625,0.32625,0.49125,0.525,0.5425,0.61875,0.8025,0.875,0.515
"165","sim-15-1-0.01-0.6-5-1.3-0.13-5-20",2.17678,0.4621617,0.18139833,116094.94,10580.059,144.93727,117.18333,1.2368422,0.4656787,0.30684236,0.25837976,0.3972396,0.22026575,0.07859409,0.33591086,0.3024432,0.14018002,0.06511787,68.43977,79,2912.676,9100,2322.2222,5400,746.9136,2000,127.16049,300,1158.6902,9300,0.46307886,0.0387985,0.05882353,0.35794744,0.35419273,0.36795995,0.47809762,0.6795995,0.8698373,0.50813514
"166","sim-15-1-0.01-0.6-5-1.3-0.15-1-20",2.2711835,0.5053868,0.22711834,145355.75,14557.832,180.55908,151.48795,1.1919041,0.56715757,0.2912736,0.230522,0.4242722,0.2078068,0.054260664,0.36308464,0.2795875,0.15223564,0.056663234,70.704285,91,3390.6667,12000,2377.1084,5600,696.38556,1800,130.12048,200,1301.0127,7100,0.49811321,0.31069183,0.47044024,0.50062895,0.5207547,0.5345912,0.8188679,0.85157233,0.872956,0.52955973
"167","sim-15-1-0.01-0.6-5-1.3-0.15-2-20",1.773555,0.47394693,0.19706167,126119.47,13290.036,157.25522,130.65189,1.20362,0.5282996,0.3015322,0.23193607,0.3994306,0.23980962,0.0762889,0.34707373,0.28398156,0.16482556,0.04485402,74.66018,91,3439.1892,9100,2481.9277,6900,849.3976,2300,133.73494,200,1358.8833,6000,0.45614034,0.1528822,0.24686716,0.45363408,0.41478696,0.42982456,0.8032581,0.7418546,0.90225565,0.5576441
"168","sim-15-1-0.01-0.6-5-1.3-0.15-4-20",1.906905,0.48279116,0.17335501,110947.2,11826.973,137.29716,113.89424,1.2054795,0.4597985,0.2999508,0.24410765,0.37497067,0.25948346,0.08463297,0.35285237,0.26357293,0.14994723,0.05207845,74.27033,71,3247.2974,5900,2758.5366,7900,751.2195,2500,110.97561,500,1352.5381,7700,0.4381313,0.049242426,0.25126263,0.42424244,0.42550504,0.44191918,0.44065657,0.70454544,0.9179293,0.46969697
"169","sim-15-1-0.01-0.6-5-1.3-0.15-5-20",2.13741,0.5578063,0.19431,124358.4,12680.476,155.05937,128.82753,1.20362,0.5880244,0.30884016,0.2289033,0.43526563,0.23089536,0.05965461,0.34545428,0.30204263,0.18100186,0.058306135,68.372665,84,3137.838,7800,2355.4216,8100,892.77106,2500,134.93976,300,1276.0101,8900,0.5162907,0.092731826,0.2982456,0.52882206,0.53634083,0.5513784,0.83082706,0.81954885,0.8132832,0.5551379
"170","sim-15-1-0.01-0.6-5-1.3-0.17-1-20",3.625321,0.4862133,0.21325417,136482.67,16609.514,168.89731,144.37308,1.169867,0.56354594,0.30838427,0.22345479,0.41793135,0.22473872,0.083480984,0.31935135,0.29835913,0.1737411,0.061936677,66.750244,83,3202.5974,6000,2858.8235,5800,936.4706,2300,150.58824,500,1503.0691,9400,0.52272725,0.04419192,0.3118687,0.52020204,0.5189394,0.53535354,0.72727275,0.75757575,0.9886364,0.54671717
"171","sim-15-1-0.01-0.6-5-1.3-0.17-2-20",2.2129748,0.47286153,0.22129749,141630.39,17834.807,175.7102,151.36748,1.1608187,0.51142967,0.29779008,0.20492108,0.36190936,0.25753176,0.11859738,0.32997072,0.24331199,0.1444188,0.035822414,70.81828,87,3944,9100,2759.3022,5600,920.93024,2800,131.39536,400,1592.1119,8500,0.511335,0.025188917,0.2720403,0.23677582,0.511335,0.52644837,0.5277078,0.95717883,0.86020154,0.55289674
"172","sim-15-1-0.01-0.6-5-1.3-0.17-4-20",3.0622878,0.5029156,0.20415251,130657.61,15123.822,162.30125,137.5988,1.1795253,0.49252802,0.29272485,0.23984557,0.39961663,0.21881454,0.06675126,0.34443378,0.28266358,0.1486751,0.05537182,73.39477,91,3690.7896,8000,2698.8096,6300,691.6667,3600,122.61905,200,1443.1472,8100,0.4716981,0.0754717,0.34968552,0.3610063,0.4591195,0.47421384,0.48050314,0.7572327,0.7433962,0.50062895
"173","sim-15-1-0.01-0.6-5-1.3-0.17-5-20",1.8449924,0.58936155,0.20499915,131199.45,14034.857,163.99933,137.96443,1.1887072,0.48608333,0.3020967,0.2482801,0.40994406,0.21024495,0.06505704,0.33904445,0.29843858,0.17679623,0.059126828,75.14666,87,3509.2104,10700,2277.3809,5600,828.5714,2600,123.809525,300,1357.2864,7100,0.5075,0.08375,0.30625,0.25,0.3975,0.4125,0.46125,0.68625,0.7825,0.54
"174","sim-15-1-0.01-0.6-5-1.3-0.19-1-20",3.6152666,0.7102244,0.25823334,165269.33,20574.74,205.03726,178.69746,1.1473988,0.53265613,0.3022956,0.22911829,0.4146721,0.26370883,0.070611864,0.3384625,0.28853467,0.16105428,0.054283027,67.03796,88,3403.75,7100,2874.7126,5900,863.2184,3900,121.83908,200,1524.8102,6200,0.48488665,0.19521411,0.24685138,0.5050378,0.5277078,0.54282117,0.6574307,0.8539043,0.9458438,0.51511335
"175","sim-15-1-0.01-0.6-5-1.3-0.19-2-20",2.6771598,0.5296563,0.22309665,142781.86,19271.535,175.80016,153.4905,1.1453488,0.51294345,0.31015217,0.19095413,0.401924,0.26888704,0.085538656,0.30622122,0.26667592,0.170047,0.060660787,71.18028,114,3591.1392,8200,3015.1162,5700,1041.8605,2900,143.52942,400,1642.7109,8100,0.5672589,0.05456853,0.32233503,0.34137055,0.5139594,0.53045684,0.52791876,0.90736043,0.85532993,0.6002538
"176","sim-15-1-0.01-0.6-5-1.3-0.19-4-20",3.0309606,0.6120209,0.23315082,149216.53,22008.271,183.956,161.34036,1.1401734,0.47230694,0.3043078,0.19116479,0.3766619,0.2766566,0.08737751,0.29641402,0.28220776,0.12427565,0.04482229,70.2307,113,3997.4683,8200,3400,7000,979.31036,2600,127.586205,200,1761.832,5200,0.48922688,0,0.13814956,0.22686945,0.61723703,0.63371354,0.60709757,0.92015207,0.97465146,0.52598226
"177","sim-15-1-0.01-0.6-5-1.3-0.19-5-20",3.8628109,0.52827746,0.22722416,145423.47,22879.201,179.27986,157.23912,1.1401734,0.4771723,0.31825122,0.19382262,0.3780415,0.28847948,0.107438676,0.28581786,0.26225048,0.1398848,0.061714172,67.58827,74,3540.7407,12300,3820.6897,6800,1142.5287,3900,139.08046,200,1892.545,7400,0.5183777,0.064638786,0.14321926,0.4119138,0.49683145,0.5145754,0.5741445,0.86565274,0.87959445,0.54499364
"178","sim-15-1-0.01-0.6-5-1.3-0.21-1-20",2.4507825,0.59043086,0.27230915,174277.86,20236.383,215.39655,191.43335,1.1251779,0.4513482,0.30604586,0.22636381,0.41404042,0.25318244,0.072718464,0.31533763,0.3097532,0.15505826,0.051322766,52.9247,134,3204.878,6500,3354.5454,6900,1047.7273,2200,160.22728,1100,1699.4924,9600,0.48925412,0.0037926675,0.14917825,0.3881163,0.4652339,0.47661188,0.4664981,0.5790139,0.9608091,0.5233881
"179","sim-15-1-0.01-0.6-5-1.3-0.21-2-20",3.8782625,0.6393682,0.25855085,165472.53,22397.742,206.32356,181.76125,1.1351352,0.48167896,0.3073668,0.2208293,0.40615043,0.2453941,0.086403936,0.29857552,0.3171261,0.15346077,0.058768526,71.34921,141,3872.5,8900,3539.7727,8200,1050,3400,139.77272,400,1803.5265,8400,0.46365914,0.058897242,0.12781955,0.36466166,0.35964912,0.37468672,0.70802003,0.7631579,1,0.4924812
"180","sim-15-1-0.01-0.6-5-1.3-0.21-4-20",2.1225934,0.5645948,0.26532418,169807.47,21245.303,211.46336,185.19627,1.1418338,0.46717933,0.30621833,0.20870955,0.41791865,0.28695065,0.06173117,0.3112535,0.299177,0.17647646,0.04733181,60.488174,123,3357.5,6400,3466.6667,7100,1063.2184,3200,121.83908,400,1706.2972,9800,0.5043915,0.090338774,0.19573401,0.24592221,0.5395232,0.55207026,0.55583435,0.79297364,0.9761606,0.5395232
"181","sim-15-1-0.01-0.6-5-1.3-0.21-5-20",2.2233467,0.54322916,0.27791834,177867.73,20062.37,220.66716,195.09866,1.1310542,0.48145616,0.30562475,0.2291101,0.43665153,0.24177149,0.0685294,0.31413808,0.3223943,0.16890618,0.058887903,54.41857,134,3416.0493,7100,3414.7727,6600,1002.2727,2800,125,400,1691.8987,7100,0.43828714,0.078085646,0.14357683,0.32367757,0.28337532,0.29471034,0.68261963,0.68010074,0.9722922,0.47481108
"182","sim-15-1-0.01-0.6-5-1.3-0.23-1-20",2.4241126,0.468876,0.26934585,172381.33,22783.156,213.05255,190.69685,1.1172316,0.49984372,0.2965109,0.20831807,0.3872108,0.28927612,0.08126544,0.3170227,0.2752669,0.14959745,0.05036235,57.719948,222,4051.25,7600,3571.9102,6300,1034.8314,2300,123.595505,300,1923.4097,7000,0.49810368,0.011378002,0.2591656,0.38053098,0.49810368,0.5107459,0.47661188,0.87863463,0.9013907,0.53097343
"183","sim-15-1-0.01-0.6-5-1.3-0.23-2-20",2.0774026,0.46437833,0.2308225,147726.4,20565.13,183.27307,163.19151,1.1230552,0.49017325,0.30580276,0.21566866,0.40400696,0.28521243,0.057107583,0.3072002,0.28967956,0.1596947,0.049913015,67.04053,185,3817.7214,7700,3705.682,7300,1147.7273,3800,102.27273,200,1929.0576,8300,0.49370277,0.15743072,0.16372795,0.5138539,0.47607052,0.49118388,0.52896726,0.8073048,0.89168763,0.5302267
"184","sim-15-1-0.01-0.6-5-1.3-0.23-4-20",2.1479933,0.6105369,0.26849917,171839.45,20880.643,212.91983,189.0234,1.1264205,0.482044,0.31253004,0.2152042,0.45033947,0.2452294,0.058803108,0.30592275,0.32190618,0.18035696,0.058404487,58.3534,110,3271.605,7200,3402.2727,6500,1065.909,2900,130.68182,200,1679.4937,6400,0.53846157,0.10844893,0.2332913,0.3442623,0.36191678,0.37452713,0.47667086,0.6481715,0.9230769,0.5662043
"185","sim-15-1-0.01-0.6-5-1.3-0.23-5-20",1.7594792,0.40808296,0.25135416,160866.67,20979.527,198.31844,178.2101,1.1128349,0.5343605,0.30126005,0.18261328,0.4167086,0.27066112,0.073383175,0.303405,0.28346872,0.16653487,0.04799559,56.556717,211,3917.5,7200,3775.281,6200,1276.4045,4300,125.8427,500,1981.2339,7800,0.4765526,0.107731305,0.32192647,0.49429658,0.5107731,0.52217996,0.7351077,0.85551333,0.9391635,0.5095057
"186","sim-15-1-0.01-0.6-5-1.3-0.25-1-20",2.5035932,0.48993436,0.31294915,200287.47,22224.084,247.54279,223.13275,1.1093969,0.52207345,0.2957519,0.22820531,0.3975498,0.26332465,0.07581497,0.33591494,0.27368864,0.16666901,0.052974723,50.166256,167,3618.8235,7400,3617.9775,8500,1260.6742,3000,140.44943,1000,1922.0812,6800,0.40328696,0.04551201,0.24525917,0.3590392,0.41340077,0.42225033,0.7256637,0.8369153,0.9342604,0.6460177
"187","sim-15-1-0.01-0.6-5-1.3-0.25-2-20",2.62128,0.48603615,0.29125333,186402.14,22498.154,228.92513,207.08112,1.1054852,0.51238155,0.30587348,0.23307356,0.43707117,0.2552883,0.050384484,0.33534423,0.3141004,0.17383425,0.06254046,58.253384,123,3439.0244,7100,3338.2021,6900,1298.8765,3300,162.92134,1000,1792.0309,8100,0.5979644,0.15776081,0.29389313,0.39821884,0.43256998,0.44402036,0.5839695,0.8816794,0.8880407,0.62849873
"188","sim-15-1-0.01-0.6-5-1.3-0.25-4-20",3.2002943,0.5917157,0.29093584,186198.94,24377.805,232.45775,207.43726,1.1206172,0.533971,0.30829626,0.2174816,0.428077,0.27596042,0.04761848,0.31462806,0.31441325,0.17799048,0.066916496,52.15284,234,3430.9524,7600,3510.1123,6000,1377.5281,3400,146.06741,600,1877.6382,9900,0.436796,0.03128911,0.2753442,0.62828535,0.64831036,0.65957445,0.7446808,0.79349184,0.9812265,0.5481852
"189","sim-15-1-0.01-0.6-5-1.3-0.25-5-20",2.701925,0.5475768,0.2701925,172923.2,23103.62,213.99246,191.29628,1.1186441,0.5145512,0.31536555,0.22133602,0.42274407,0.2560813,0.06009964,0.29434672,0.3185784,0.18193619,0.063561305,60.24295,119,3749.3828,6300,3113.4832,6500,1258.427,4300,189.88763,1200,1791.3265,11800,0.46212122,0.060606062,0.2361111,0.5328283,0.57575756,0.58964646,0.59343433,0.7361111,0.82449496,0.49242425
"190","sim-15-1-0.01-0.6-5-1.3-0.27-1-20",2.2733002,0.6144946,0.28416252,181864,24898.887,227.33,202.60786,1.1220196,0.48724717,0.31512773,0.20894296,0.45914268,0.24428797,0.05456392,0.29462922,0.33261052,0.19150442,0.06312342,58.13796,238,3435.7144,6300,3977.528,6800,1402.2472,3600,133.70787,900,2039.267,10300,0.5125,0.10125,0.2325,0.38375,0.385,0.3975,0.405,0.73125,0.91125,0.54125
"191","sim-15-1-0.01-0.6-5-1.3-0.27-2-20",1.9372791,0.42738175,0.27675417,177122.67,23119.49,218.35904,197.60248,1.105042,0.45895725,0.3070534,0.21566233,0.41547558,0.26760277,0.06541933,0.30339485,0.31061313,0.15458833,0.052323494,52.297398,229,3481.7073,6000,3940.4495,7700,1261.7977,2700,177.52809,1400,1975.4475,8600,0.44740176,0.038022812,0.12294043,0.4119138,0.44993663,0.46007603,0.5792142,0.60963243,0.91888463,0.495564
"192","sim-15-1-0.01-0.6-5-1.3-0.27-4-20",2.4934335,0.4717802,0.31167918,199474.67,23436.092,245.60318,223.1623,1.1005586,0.45109907,0.3033859,0.23414414,0.43388346,0.23563364,0.057664942,0.31897917,0.3213331,0.1838735,0.058183607,49.971107,272,3397.6191,6600,3324.4443,6600,1261.1111,3100,205.55556,1300,1857.9897,9300,0.46192893,0.02538071,0.15228426,0.32614213,0.37690356,0.38705584,0.40862945,0.5862944,0.89086294,0.5241117
"193","sim-15-1-0.01-0.6-5-1.3-0.27-5-20",2.5193624,0.46295792,0.27992916,179154.66,23392.28,220.8641,200.42928,1.1019553,0.4865675,0.3103114,0.1937414,0.42468736,0.2656136,0.069131814,0.30028123,0.30531922,0.17069347,0.06520673,56.97929,216,3236.4707,6500,3884.4443,6300,1361.1111,2900,214.44444,1200,1933.7596,7800,0.35361215,0.112801015,0.2801014,0.34220532,0.34093788,0.35234475,0.54245883,0.76425856,0.9493029,0.5209125
"194","sim-15-1-0.01-0.6-5-1.3-0.29-1-20",2.208424,0.44704363,0.31548914,201913.06,24772.209,249.55193,226.8367,1.1001391,0.50110227,0.30894583,0.21618696,0.41877228,0.2626974,0.07363729,0.30448294,0.29723638,0.17615893,0.060137544,47.887115,236,3389.8735,6700,4077.7778,7900,1460,3000,213.33333,1200,1983.4183,8200,0.3881163,0.036662452,0.32364097,0.3653603,0.5828066,0.59165615,0.64475346,0.72819215,0.9292035,0.5828066
"195","sim-15-1-0.01-0.6-5-1.3-0.29-2-20",2.24282,0.4181739,0.2803525,179425.6,21060.64,220.91777,201.01274,1.0990237,0.5641635,0.31318042,0.22878784,0.41938448,0.27448684,0.05126328,0.29661083,0.31888127,0.17595378,0.053459704,48.39823,238,3072.9412,7200,3587.7778,5800,1296.6666,3700,161.11111,700,1822.8206,8500,0.54695433,0.06979696,0.20304568,0.49111676,0.5913706,0.6002538,0.572335,0.79949236,0.9428934,0.5837563
"196","sim-15-1-0.01-0.6-5-1.3-0.29-4-20",2.24536,0.4944496,0.28067,179628.8,22927.09,223.41331,201.80173,1.1070932,0.48996818,0.29817083,0.20691174,0.42273557,0.26943088,0.06507768,0.32072422,0.28383952,0.15979287,0.055027116,54.166153,313,3600,7300,3946.6667,6600,1208.8889,3700,197.77777,800,1997.1938,9500,0.4120603,0.09924623,0.26005024,0.46859297,0.5150754,0.5251256,0.56155777,0.82537687,0.86934674,0.6658291
"197","sim-15-1-0.01-0.6-5-1.3-0.29-5-20",2.2476883,0.51311964,0.32109833,205502.94,22437.068,256.23648,229.9064,1.1145252,0.48749027,0.3129449,0.23411472,0.41185814,0.25764212,0.061566204,0.29749843,0.3203532,0.16258802,0.050432194,45.834682,262,3271.4285,8500,3765.5557,6900,1384.4445,3300,206.66667,1200,1902.2959,7200,0.4423559,0.2518797,0.124060154,0.18045112,0.46616542,0.47493735,0.5388471,0.8095238,0.99373436,0.53634083
"198","sim-15-1-0.01-0.6-5-1.3-0.31-1-20",1.9854332,0.41646078,0.28363332,181525.33,23902.348,223.50305,203.93236,1.0959666,0.48849583,0.30588835,0.20063603,0.38867003,0.2919119,0.069002755,0.29676524,0.28310707,0.1597209,0.056578696,56.64514,273,3496.4707,8600,4248.8887,7600,1494.4445,4800,238.88889,1200,2364.9573,9400,0.4390863,0.06472081,0.17385787,0.39974618,0.48604062,0.4961929,0.5139594,0.82614213,0.8527919,0.6180203
"199","sim-15-1-0.01-0.6-5-1.3-0.31-2-20",2.04978,0.44655797,0.34162998,218643.19,23257.828,269.20444,245.29033,1.097493,0.4997171,0.3026567,0.20745017,0.40906888,0.2785,0.054568958,0.30770135,0.3005332,0.1581545,0.054348625,42.48179,296,3956.6265,7000,4174.4443,7000,1382.2222,3600,183.33333,1500,2159.8464,9600,0.42385787,0.08629441,0.12817259,0.2677665,0.4543147,0.46192893,0.4961929,0.8096447,0.97715735,0.6154822
"200","sim-15-1-0.01-0.6-5-1.3-0.31-4-20",2.031365,0.4267948,0.290195,185724.8,21788.42,230.12463,209.23059,1.0998613,0.49406722,0.3055491,0.21168855,0.40658215,0.25156495,0.087943844,0.29953918,0.3009909,0.17864469,0.055432726,50.258053,293,3282.1428,6300,3712.2222,6600,1303.3334,3800,151.11111,700,1899.2367,9800,0.55359393,0.015132409,0.27238336,0.33417404,0.45271122,0.46153846,0.445145,0.79192936,0.93064314,0.5964691
"201","sim-15-1-0.01-0.6-5-1.3-0.31-5-20",2.351405,0.48158023,0.33591497,214985.6,25823.129,266.04468,242.53062,1.0969529,0.5154245,0.31414312,0.21536541,0.42956007,0.27175638,0.062673986,0.29752582,0.31242034,0.19074069,0.06691469,47.163162,269,3555.2942,7100,3722.2222,6800,1408.8889,3200,203.33333,1300,1960.3053,8700,0.47727272,0.005050505,0.24873738,0.43055555,0.48989898,0.5,0.6300505,0.7234849,0.9078283,0.5239899
"202","sim-15-1-0.01-0.6-5-1.3-0.33-1-20",2.2573192,0.44412878,0.32247418,206383.48,25473.525,255.72203,234.11626,1.0922865,0.4622387,0.31068665,0.19691369,0.4037395,0.280515,0.08260121,0.29636428,0.29488316,0.16503786,0.05763729,44.972862,305,3760.9756,6600,3748.3516,7500,1465.9341,3300,240.65935,1300,2063.7532,11000,0.37704918,0.029003782,0.1778058,0.3215637,0.3997478,0.40857503,0.704918,0.7528373,0.87894076,0.445145
"203","sim-15-1-0.01-0.6-5-1.3-0.33-2-20",1.69418,0.4138451,0.28236333,180712.53,22101.99,221.65521,203.58397,1.0887656,0.4775496,0.31439212,0.20459917,0.41751516,0.24857233,0.09027148,0.2815075,0.3048866,0.18222933,0.06076014,49.999504,329,3062.353,5800,3804.4443,7100,1223.3334,3700,176.66667,800,1883.0334,8200,0.42038217,0.031847134,0.13757962,0.3923567,0.38726115,0.39745224,0.49171975,0.72866243,0.9515924,0.5987261
"204","sim-15-1-0.01-0.6-5-1.3-0.33-4-20",2.3681266,0.45534435,0.29601583,189450.14,21153.883,233.85251,213.42741,1.0957004,0.48529395,0.31391844,0.20578769,0.4228261,0.2684084,0.079846635,0.29667515,0.29621336,0.185903,0.0664549,50.912598,348,3440.5063,6200,3223.3333,5500,1231.1111,3700,203.33333,900,1754.9618,7600,0.47848102,0.050632913,0.26835442,0.3329114,0.48734176,0.49620253,0.49620253,0.77974683,0.9025316,0.5835443
"205","sim-15-1-0.01-0.6-5-1.3-0.33-5-20",1.96342,0.5352613,0.32723668,209431.47,24210.932,260.48038,236.59212,1.1009682,0.44607076,0.3173391,0.2344903,0.44559783,0.26373908,0.04165653,0.30524695,0.32396668,0.19499636,0.061592735,39.27339,357,3021.4285,7000,3682.2222,5800,1416.6666,3700,191.11111,1000,1841.5144,10700,0.46231157,0.0339196,0.22361809,0.31281406,0.47110552,0.4798995,0.48994976,0.7889447,1,0.48366833
"206","sim-15-1-0.01-0.6-5-1.3-0.35-1-20",2.7313468,0.55978376,0.34141836,218507.75,26994.242,271.08618,247.86972,1.0936639,0.48868498,0.30778337,0.22408146,0.4257383,0.2823373,0.03791817,0.3103649,0.31309682,0.18454437,0.06159489,43.873238,255,3308.046,6400,3778.022,5800,1364.8352,4200,174.72528,1700,1965.051,10200,0.43828714,0.20780857,0.21914357,0.42191437,0.49118388,0.5,0.581864,0.7632242,0.9949622,0.48866498
"207","sim-15-1-0.01-0.6-5-1.3-0.35-2-20",1.6303625,0.4214448,0.3260725,208686.4,25517.13,258.90158,236.72864,1.0936639,0.5519913,0.30909586,0.18058679,0.4064864,0.30484563,0.06114547,0.294725,0.29969588,0.17293243,0.06294725,43.532818,396,3743.5293,6700,4049.4504,6100,1430.7693,3200,197.8022,800,2231.117,8200,0.42695215,0.0025188916,0.2607053,0.3929471,0.62468517,0.6322418,0.638539,0.906801,0.87909317,0.6146096
"208","sim-15-1-0.01-0.6-5-1.3-0.35-4-20",2.2462065,0.5512644,0.32088664,205367.45,26677.232,254.14223,232.32193,1.0939226,0.5269316,0.3112839,0.19389915,0.42391986,0.2808651,0.059685335,0.29385585,0.29321834,0.17886356,0.062319573,49.334255,345,3192.8572,6400,3924.1758,5500,1471.4286,3500,245.05495,1300,2073.6147,13000,0.5,0.12878788,0.21969697,0.3459596,0.57828283,0.58838385,0.6123737,0.8712121,0.8712121,0.57575756
"209","sim-15-1-0.01-0.6-5-1.3-0.35-5-20",1.7494249,0.4387025,0.349885,223926.39,23290.793,278.15857,252.96684,1.099585,0.5108928,0.3032146,0.22580257,0.406012,0.24857663,0.07215287,0.31774002,0.2882359,0.18029955,0.058617633,39.425117,369,3516.6667,5900,3403.3333,5100,1344.4445,4100,224.44444,1500,2007.7957,8300,0.37610063,0.020125786,0.28301886,0.25157234,0.64402515,0.65157235,0.6754717,0.7672956,0.88301885,0.55597484
"210","sim-15-1-0.01-0.6-5-1.3-0.37-1-20",1.887855,0.42589986,0.31464252,201371.2,23632.799,248.88223,228.43047,1.0895317,0.5444422,0.31718487,0.22023699,0.4541073,0.2602849,0.040633738,0.29587272,0.33323127,0.19727068,0.06330715,40.40499,349,2804.6511,5800,3497.8022,5200,1280.2197,3100,147.25275,400,1949.1477,8900,0.50316054,0.21112517,0.34513274,0.494311,0.52085966,0.528445,0.5790139,0.88242733,0.9102402,0.55878633
"211","sim-15-1-0.01-0.6-5-1.3-0.37-2-20",2.0795193,0.43789446,0.29707417,190127.47,26105.69,232.90614,215.37877,1.0813793,0.45602176,0.32024512,0.20985252,0.40535527,0.3006623,0.05298375,0.28111202,0.29754427,0.18199508,0.06641176,49.807358,288,3538.0952,6500,4007.6924,6600,1816.4835,3900,221.97803,800,2167.442,9100,0.3890306,0.034438774,0.14795919,0.3635204,0.40433672,0.41454083,0.5522959,0.7729592,0.95535713,0.49489796
"212","sim-15-1-0.01-0.6-5-1.3-0.37-4-20",1.81737,0.4323574,0.302895,193852.8,24547.822,241.40732,220.20467,1.096286,0.5109577,0.32115966,0.19071122,0.43568924,0.28949708,0.055969596,0.2822294,0.30703074,0.19922511,0.06998667,47.779976,366,2958.3333,6900,3804.3955,6200,1434.0659,3400,181.31868,900,1939.5095,8600,0.3952321,0.105395235,0.16562107,0.40025094,0.44542032,0.45420325,0.53074026,0.8243413,0.91468006,0.46800503
"213","sim-15-1-0.01-0.6-5-1.3-0.37-5-20",1.741805,0.48317632,0.29030082,185792.53,25716.879,230.49886,210.75839,1.0936639,0.4807633,0.3113356,0.18587378,0.40309528,0.29891518,0.082021065,0.28592232,0.28462416,0.17863795,0.06087801,53.0531,365,3669.4119,7300,3903.2966,7700,1367.033,3600,187.9121,900,2108.3118,9500,0.5188917,0.046599496,0.18513854,0.45591938,0.45465994,0.4647355,0.53148615,0.80856425,0.9231738,0.56675065
"214","sim-15-1-0.01-0.6-5-1.3-0.39-1-20",1.851554,0.47929838,0.3703108,236998.92,27412.998,291.80493,269.95657,1.0809327,0.5051485,0.31359875,0.20930201,0.4243857,0.26900995,0.06334175,0.29212314,0.30348387,0.19853567,0.06381455,37.728123,375,3595.2942,6600,3746.1538,6400,1464.8352,3900,220.87912,1100,2052.9412,8700,0.4111675,0.03680203,0.15862945,0.5076142,0.52284265,0.5291878,0.71954316,0.7614213,0.9961929,0.55203044
"215","sim-15-1-0.01-0.6-5-1.3-0.39-2-20",2.02565,0.46112105,0.33760834,216069.34,26722.04,266.373,245.77888,1.0837913,0.5584704,0.31407565,0.19059771,0.3903046,0.2970272,0.091420196,0.289093,0.2763831,0.14530455,0.044080302,38.483196,386,3672.6191,6600,4140.659,7000,1479.1208,3000,231.86813,1200,2184.6548,8500,0.5551331,0.013941699,0.19391635,0.26869455,0.71609634,0.7249683,0.7984791,0.9252218,0.9353612,0.61343473
"216","sim-15-1-0.01-0.6-5-1.3-0.39-4-20",2.4373417,0.47242582,0.34819168,222842.67,23637.688,276.116,253.48354,1.0892857,0.47718513,0.31437987,0.2195413,0.39705688,0.27234963,0.09402389,0.2964927,0.30284148,0.14326748,0.048801687,32.560883,392,3352.439,6200,3869.2307,5800,1217.5824,2500,214.28572,1000,1932.4808,7000,0.47162673,0.06683481,0.12484237,0.114754096,0.3820933,0.38965952,0.44640607,0.7553594,0.90542245,0.5258512
"217","sim-15-1-0.01-0.6-5-1.3-0.39-5-20",2.4084492,0.49126196,0.34406418,220201.08,27508.963,274.21915,250.13466,1.096286,0.5299194,0.31354162,0.20916039,0.42512476,0.2583893,0.062236562,0.28721875,0.3125211,0.19945468,0.06626393,52.131306,315,3357.647,5900,3789.011,6900,1402.1978,3200,230.76923,1200,1988.5496,8700,0.43287328,0.067754075,0.32622334,0.39899623,0.5395232,0.54830617,0.57967377,0.8117942,0.9560853,0.5683814
"218","sim-15-10-0.01-0.4-5-1.3-0.3-1-20",5.8096147,0.73201555,0.2766483,177054.92,53528.96,221.042,196.42032,1.1253521,0.51869756,0.35864016,0.13884367,0.3478198,0.32960188,0.12372152,0.2412567,0.24502948,0.18009107,0.1034105,51.300648,357,3514.8147,8900,4338.202,8600,2628.0898,5800,992.1348,2100,2703.022,9800,0.3979975,0.057571966,0.15018773,0.2703379,0.36420527,0.3729662,0.82978725,0.88235295,0.9411765,0.6132666
"219","sim-15-2-0.01-0.4-5-1.3-0.3-1-20",4.179464,0.7487199,0.24585082,314689.06,60814.887,196.4348,356.23785,0.5514148,0.49200192,0.31261873,0.18655428,0.37185535,0.2781194,0.1024478,0.29568452,0.26861924,0.13208012,0.06234916,44.30396,298,4502.312,10500,3956.906,7300,1370.7183,3700,280.663,800,4521.608,12300,0.4580726,0.0012515645,0.1864831,0.29161453,0.34292865,0.67083853,0.7571965,0.7784731,0.87484354,0.48811013
"220","sim-15-3-0.01-0.4-5-1.3-0.3-1-20",3.5699701,0.73720205,0.2974975,190398.4,37388.297,237.40302,215.0907,1.1037345,0.55120784,0.32091153,0.19536746,0.41749418,0.2650864,0.07933894,0.30888158,0.28660205,0.16913332,0.08417677,55.116833,337,3141.6667,7600,3490,8300,1174.4445,3800,357.77777,700,2115.6978,8500,0.4573935,0.14786968,0.25438598,0.42230576,0.45864663,0.47117794,0.783208,0.7769424,0.8182957,0.48746866
"221","sim-15-4-0.01-0.4-5-1.3-0.3-1-20",4.7379465,0.6517362,0.29612166,189517.86,37893.504,236.30508,212.61536,1.1114206,0.54465365,0.32966214,0.19647406,0.40313834,0.27386963,0.085436754,0.30316648,0.28423175,0.16989669,0.08395199,50.023937,398,3129.2683,8200,3607.7778,6900,1430,2900,494.44446,1600,2357.764,9800,0.46616542,0.1528822,0.23934837,0.34711778,0.60150373,0.6115288,0.80451125,0.8446115,0.97117794,0.6967419
"222","sim-15-5-0.01-0.4-5-1.3-0.3-1-20",4.730009,0.7930933,0.27823585,178070.94,44939.26,222.58867,198.93863,1.1188811,0.5073027,0.34947824,0.16351423,0.37333995,0.31180385,0.11120329,0.26420456,0.2659753,0.16997802,0.0922453,49.816338,322,3169.1357,5700,4265.1685,6800,2093.2585,4300,630.3371,1100,2465.4495,10200,0.35875,0.02125,0.1625,0.14875,0.4025,0.51,0.72875,0.82875,0.85875,0.61375
"223","sim-15-6-0.01-0.4-5-1.3-0.3-1-20",5.66166,0.82714,0.31453666,201303.47,47634.062,251.62933,224.57918,1.1204482,0.5548173,0.34375864,0.17705128,0.3977298,0.27201834,0.11050435,0.2821212,0.27337858,0.17619947,0.0863763,44.19872,292,2912.3457,7200,3808.9888,6100,2000,4300,564.0449,1100,2346.8843,12000,0.53875,0.24125,0.04375,0.085,0.48125,0.49125,0.825,0.9025,0.86625,0.5725
"224","sim-15-7-0.01-0.4-5-1.3-0.3-1-20",5.42163,0.6701423,0.30120167,192769.06,50155.2,239.45532,214.75679,1.115007,0.48501015,0.34920323,0.15845829,0.37707862,0.2976513,0.11661872,0.26404512,0.26684362,0.17410235,0.090411186,42.47817,317,2992.5925,6000,4325.843,7900,2111.2358,6200,752.80896,1300,2488.8572,13200,0.436478,0.09056604,0.15220127,0.20251572,0.5446541,0.5534591,0.8981132,0.8679245,0.8603774,0.49559748
"225","sim-15-8-0.01-0.4-5-1.3-0.3-1-20",4.8703437,0.6779684,0.28649083,183354.12,46303.504,228.33318,204.26794,1.117812,0.4904588,0.35807902,0.1628543,0.39061272,0.30686846,0.102262676,0.26130563,0.27133515,0.18698452,0.10545529,41.007175,301,2853.0864,7000,3722.472,6600,2186.5168,3800,873.0337,1800,2409.322,13000,0.49560854,0.09410289,0.21204516,0.23713927,0.5407779,0.54956084,0.77415305,0.923463,0.8494354,0.54579675
"226","sim-15-9-0.01-0.4-5-1.3-0.3-1-20",4.3417068,0.632355,0.27135667,173668.27,47294.21,217.08533,192.66322,1.1267606,0.5016739,0.35519874,0.1523398,0.36755255,0.30656156,0.11635339,0.25281718,0.25903678,0.18417217,0.09622579,47.895844,382,3038.75,6100,3501.1235,6500,2641.573,5400,925.8427,2200,2613.5693,10200,0.35,0.08,0.16625,0.1675,0.4775,0.48625,0.7725,0.87875,0.91,0.61
