image,tot_root_length,width,depth,direction,n_primary,tot_prim_length,mean_prim_length,mean_prim_diameter,mean_lat_density,n_laterals, tot_lat_length,mean_lat_length,mean_lat_diameter,mean_lat_angle,tree_size,tree_magnitude,tree_altitude,tree_index
monocot-3D-10.012-1-1.326-0.00652-0.358-5.579-0-1.309-0.926-24.125-14-r82-14.rsml,19832.613,663.0,1733.0,274.61203,12,10875.0,906.79926,15.460634,0.01618612,55,8924.0,162.74585,5.297986,33.093525,122,67.0,14.0,0.20895523
monocot-3D-10.086-1-1.374-0.00642-0.582-4.602-0-0.428-0.649-24.649-17-r21-15.rsml,5061.0225,471.0,527.0,259.76825,11,3429.0,312.16983,5.0551157,0.02368542,18,1618.0,90.39749,2.8439012,29.107239,47,29.0,11.0,0.37931034
monocot-3D-10.121-1-1.363-0.03007-0.166-4.146-0-1.439-1.1-28.683-20-r138-15.rsml,22582.365,448.0,2116.0,258.70236,13,14699.0,1131.2607,16.99609,0.017655669,80,7836.0,98.44971,2.7740653,43.91939,173,93.0,19.0,0.20430107
monocot-3D-10.183-1-1.388-0.02782-0.523-4.265-0-0.455-1.179-6.28-6-r112-6.rsml,285.38864,44.0,117.0,242.21054,2,284.0,142.69432,5.374016,0.0,0,0.0,0.0,0.0,0.0,2,2.0,2.0,1.0
monocot-3D-10.259-1-1.516-0.01779-0.12-4.843-0-1.272-1.378-24.916-10-r95-10.rsml,4947.811,477.0,1117.0,274.16882,8,4944.0,618.4764,15.023639,0.0,0,0.0,0.0,0.0,0.0,8,8.0,8.0,1.0
monocot-3D-10.333-1-1.025-0.01018-0.615-5.596-0-0.494-1.462-23.138-6-r163-6.rsml,266.78476,9.0,117.0,275.56967,2,265.0,133.39238,5.8346457,0.0,0,0.0,0.0,0.0,0.0,2,2.0,2.0,1.0
monocot-3D-10.539-1-1.466-0.01098-0.538-5.923-0-0.423-1.255-18.639-13-r76-13.rsml,2890.0823,411.0,470.0,265.17755,9,2396.0,266.7551,4.996063,0.03920943,7,485.0,69.898094,2.5552719,76.327286,23,16.0,9.0,0.5625
monocot-3D-10.622-1-1.078-0.02978-0.633-4.222-0-0.409-1.3-7.959-19-r90-15.rsml,4362.7017,404.0,528.0,246.2137,11,3782.0,344.34778,4.830711,0.027643805,9,570.0,63.875046,2.954708,51.153152,29,20.0,11.0,0.55
monocot-3D-10.744-1-1.473-0.00448-0.107-4.953-0-1.569-0.56-14.96-14-r111-14.rsml,16138.6455,915.0,2277.0,285.10043,12,14248.0,1187.7717,18.531538,0.013175788,21,1875.0,89.780235,2.0298672,23.209976,54,33.0,12.0,0.36363637
monocot-3D-10.924-1-1.574-0.00905-0.574-5.545-0-0.885-0.815-6.013-13-r97-13.rsml,11216.862,774.0,1113.0,257.63248,10,6149.0,615.3434,10.452758,0.019292923,32,5045.0,158.23215,5.707921,26.246395,74,42.0,10.0,0.23809524
monocot-3D-11-1-1.384-0.00683-0.809-5.078-0-0.746-0.214-10.152-15-r182-15.rsml,17781.352,754.0,1104.0,275.64798,12,7424.0,619.05554,8.811032,0.018399198,54,10324.0,191.71643,6.729909,8.756685,120,66.0,12.0,0.18181819
monocot-3D-11.048-1-1.413-0.00601-0.691-5.939-0-0.929-0.126-17.518-10-r34-10.rsml,7851.1157,673.0,868.0,270.98026,8,3842.0,480.79797,10.972429,0.021528542,21,3992.0,190.70155,7.1762166,5.705831,50,29.0,9.0,0.31034482
monocot-3D-11.072-1-1.615-0.02065-0.595-4.018-0-1.348-1.363-9.893-13-r169-13.rsml,33155.477,818.0,1820.0,274.2572,11,10328.0,939.4799,15.921222,0.020986065,96,22775.0,237.72084,8.984212,48.010624,203,107.0,25.0,0.23364486
monocot-3D-11.222-1-1.687-0.02554-0.167-5.982-0-1.325-0.346-7.658-6-r110-6.rsml,1374.5027,202.0,587.0,274.78583,4,1371.0,343.62567,15.649603,0.0,0,0.0,0.0,0.0,0.0,4,4.0,4.0,1.0
monocot-3D-11.234-1-1.369-0.02082-0.293-5.138-0-1.233-0.426-29.654-5-r193-5.rsml,810.54114,46.0,411.0,291.4238,3,809.0,270.1804,14.562992,0.0,0,0.0,0.0,0.0,0.0,3,3.0,3.0,1.0
monocot-3D-11.366-1-1.33-0.0144-0.32-5.826-0-0.998-1.101-20.295-17-r121-15.rsml,19394.57,525.0,1640.0,276.0545,13,10999.0,846.70416,11.787378,0.019271007,66,8354.0,127.082,3.6617146,45.21838,145,79.0,17.0,0.21518987
monocot-3D-11.738-1-1.094-0.02815-0.124-5.369-0-0.855-1.435-15.952-7-r142-7.rsml,1354.5635,170.0,471.0,251.50226,4,1353.0,338.64087,10.098422,0.0,0,0.0,0.0,0.0,0.0,4,4.0,4.0,1.0
monocot-3D-11.858-1-1.673-0.0014-0.636-5.084-0-0.948-1.286-28.446-13-r184-13.rsml,19621.764,1077.0,1345.0,269.0273,11,7126.0,648.3886,11.196865,0.02293299,62,12458.0,201.44337,6.7863865,61.96066,135,73.0,16.0,0.21917808
monocot-3D-12.17-1-1.127-0.00829-0.576-5.248-0-1.06-1.147-20.866-6-r107-6.rsml,1447.9846,202.0,526.0,299.2709,4,1335.0,334.24658,12.519685,0.0,1,110.0,110.998245,7.078547,48.75326,6,5.0,4.0,0.8
monocot-3D-12.257-1-1.353-0.02711-0.392-5.147-0-1.29-0.764-21.687-7-r39-7.rsml,3294.8613,237.0,818.0,276.4754,5,2510.0,502.59726,15.236211,0.0303971,7,779.0,111.69642,5.6716766,17.877724,19,12.0,6.0,0.5
monocot-3D-12.304-1-1.421-0.01636-0.299-4.342-0-0.811-1.246-20.311-15-r57-15.rsml,15162.185,705.0,1404.0,249.13805,12,9317.0,776.87274,9.578736,0.021450147,67,5808.0,87.159874,2.7990222,52.603622,146,79.0,16.0,0.20253165
monocot-3D-12.35-1-1.191-0.00746-0.142-4.327-0-1.576-0.923-25.926-16-r117-15.rsml,35116.645,811.0,2868.0,268.89487,13,19699.0,1515.7854,18.614227,0.01905149,144,15337.0,107.023834,2.623363,33.287685,301,157.0,29.0,0.18471338
monocot-3D-12.358-1-1.603-0.02182-0.375-5.371-0-1.408-0.925-10.602-18-r4-15.rsml,39716.402,765.0,2524.0,268.82202,13,17310.0,1331.924,16.629892,0.018060418,123,22338.0,182.12518,5.986165,29.09425,259,136.0,23.0,0.16911764
monocot-3D-12.47-1-1.249-0.00708-0.85-5.898-0-0.506-0.858-25.311-7-r118-7.rsml,809.40765,174.0,292.0,263.4928,4,807.0,202.35191,5.976379,0.0,0,0.0,0.0,0.0,0.0,4,4.0,4.0,1.0
monocot-3D-12.492-1-1.43-0.02811-0.874-4.795-0-0.603-1.279-8.531-11-r78-11.rsml,6040.392,476.0,703.0,266.3896,8,3222.0,403.29984,7.1220417,0.02623946,20,2801.0,140.69962,5.8396964,49.25369,48,28.0,8.0,0.2857143
monocot-3D-12.578-1-1.317-0.03084-0.658-5.083-0-1.446-0.356-26.43-20-r131-15.rsml,106375.13,534.0,2641.0,269.8854,13,18664.0,1436.2661,17.078745,0.019587416,215,87600.0,407.924,10.610721,8.68952,443,228.0,38.0,0.16666667
monocot-3D-12.605-1-1.28-0.01754-0.597-4.321-0-0.468-0.456-7.425-15-r196-15.rsml,8222.572,584.0,761.0,268.23676,12,5419.0,452.07217,5.527562,0.027316034,26,2784.0,107.60404,3.1432755,16.200737,64,38.0,12.0,0.31578946
monocot-3D-12.936-1-1.18-0.02385-0.271-4.569-0-0.785-0.864-8.94-5-r70-5.rsml,420.43878,47.0,235.0,283.9082,2,420.0,210.21939,9.271653,0.0,0,0.0,0.0,0.0,0.0,2,2.0,2.0,1.0
monocot-3D-13.179-1-1.138-0.01706-0.256-5.223-0-1.222-0.418-5.861-15-r66-15.rsml,22238.684,598.0,2342.0,272.30795,13,16430.0,1264.4138,14.433094,0.013113828,43,5779.0,134.91405,3.579904,12.855006,99,56.0,13.0,0.23214285
monocot-3D-13.265-1-1.647-0.02578-0.722-4.651-0-1.168-0.117-23.183-16-r47-15.rsml,93276.086,467.0,2228.0,270.29617,13,15222.0,1171.4517,13.795228,0.020926537,198,77949.0,394.17776,9.419257,4.985732,409,211.0,35.0,0.16587678
monocot-3D-13.289-1-1.402-0.02498-0.495-4.722-0-1.312-1.229-27.232-18-r26-15.rsml,74305.85,1089.0,2529.0,266.54376,13,17612.0,1355.1368,15.496089,0.019475475,177,56597.0,320.27713,7.2977333,38.529053,367,190.0,36.0,0.18947369
monocot-3D-13.412-1-1.008-0.0107-0.77-5.354-0-0.685-0.506-25.305-10-r15-10.rsml,6200.5146,415.0,761.0,272.6876,7,3274.0,468.26025,8.0905485,0.0231343,17,2912.0,171.92314,5.9080024,17.658188,41,24.0,8.0,0.33333334
monocot-3D-13.571-1-1.08-0.00301-0.289-4.834-0-0.896-0.222-21.866-13-r67-13.rsml,15345.233,741.0,1462.0,282.14395,11,8548.0,777.71686,10.582669,0.02537083,49,6767.0,138.57855,2.9837353,9.179996,109,60.0,15.0,0.25
monocot-3D-13.676-1-1.643-0.01636-0.638-5.431-0-1.202-0.765-23.997-11-r130-11.rsml,23795.885,794.0,1639.0,276.22205,9,7724.0,858.8043,14.196867,0.017503398,53,16041.0,303.1443,8.55122,25.165783,115,62.0,17.0,0.27419356
monocot-3D-13.787-1-1.271-0.00751-0.548-4.252-0-0.47-0.719-14.299-15-r153-15.rsml,10109.851,671.0,877.0,278.0876,12,5667.0,472.81638,5.5511856,0.023137981,36,4419.0,123.223724,2.9340897,34.33869,84,48.0,12.0,0.25
monocot-3D-13.839-1-1.256-0.022-0.412-5.815-0-1.075-0.959-13.284-10-r129-10.rsml,9529.488,391.0,1293.0,260.12857,8,5607.0,701.45074,12.6968565,0.017267223,28,3905.0,139.92442,5.043119,31.588697,64,36.0,11.0,0.30555555
monocot-3D-13.999-1-1.479-0.03028-0.52-5.568-0-1.341-1.088-20.091-14-r77-14.rsml,55118.266,838.0,2530.0,270.16458,10,15918.0,1592.2073,15.838591,0.01671674,122,39133.0,321.2803,7.8230147,33.211716,254,132.0,26.0,0.1969697
monocot-3D-14.191-1-1.69-0.01663-0.385-5.354-0-1.238-0.519-25.515-16-r141-15.rsml,57864.133,1090.0,2574.0,266.32358,13,17352.0,1335.1454,14.622066,0.018791094,159,40424.0,254.7626,5.4182663,16.945505,331,172.0,30.0,0.1744186
monocot-3D-14.247-1-1.64-0.00167-0.712-5.394-0-0.869-0.874-23.987-10-r63-10.rsml,10227.44,847.0,1052.0,253.317,8,4726.0,591.0722,10.26379,0.017795945,25,5487.0,219.95454,6.9692082,29.61527,58,33.0,11.0,0.33333334
monocot-3D-14.319-1-1.495-0.00338-0.62-4.818-0-0.523-1.458-9.784-11-r170-11.rsml,4537.8745,623.0,706.0,235.601,8,3072.0,384.66214,6.177163,0.028456157,12,1454.0,121.71484,3.6738834,85.28853,32,20.0,8.0,0.4
monocot-3D-14.407-1-1.271-0.00884-0.123-4.117-0-1.329-0.605-13.518-14-r68-14.rsml,20966.684,785.0,2546.0,270.54736,12,16439.0,1370.2627,15.696818,0.020348566,56,4497.0,80.77732,1.9473534,23.122768,124,68.0,17.0,0.25
monocot-3D-14.493-1-1.145-0.00586-0.822-4.841-0-1.109-0.188-14.101-10-r114-10.rsml,24331.705,664.0,1410.0,269.3956,8,6355.0,794.94684,13.098419,0.021887904,63,17941.0,285.272,10.168453,6.311538,134,71.0,20.0,0.28169015
monocot-3D-14.538-1-1.48-0.01008-0.218-4.086-0-1.069-1.467-13.358-13-r36-13.rsml,16518.34,827.0,1861.0,258.14294,11,11231.0,1021.4218,12.6259775,0.020529026,60,5256.0,88.04503,2.7173452,63.623554,131,71.0,15.0,0.2112676
monocot-3D-14.645-1-1.624-0.01607-0.552-4.905-0-1.111-1.379-17.58-15-r161-15.rsml,59208.316,1312.0,2348.0,269.08215,13,16265.0,1251.5985,13.1220665,0.017693544,149,42861.0,288.17142,6.876861,47.66896,311,162.0,28.0,0.17283951
monocot-3D-14.663-1-1.027-0.00381-0.143-5.226-0-0.473-1.124-17.788-6-r149-6.rsml,618.3052,103.0,235.0,262.436,3,617.0,206.10173,5.5866137,0.0,0,0.0,0.0,0.0,0.0,3,3.0,3.0,1.0
monocot-3D-14.729-1-1.392-0.02838-0.335-5.275-0-1.044-1.224-24.534-7-r101-7.rsml,2507.7576,241.0,823.0,273.26233,5,2447.0,489.60577,12.330709,0.0,1,59.0,59.72882,3.919811,2.3572896,7,6.0,5.0,0.8333333
monocot-3D-14.784-1-1.527-0.02047-0.598-4.825-0-0.989-0.398-29.011-6-r79-6.rsml,1808.3505,383.0,588.0,266.52206,4,1465.0,366.5768,11.681102,0.035136446,2,341.0,171.02155,6.646672,8.77958,8,6.0,4.0,0.6666667
monocot-3D-14.911-1-1.071-0.00314-0.862-4.404-0-1.011-0.857-21.458-13-r135-13.rsml,60388.23,992.0,1790.0,272.89496,11,10777.0,980.2207,11.940926,0.023438536,137,49536.0,362.0862,9.7312,26.894375,285,148.0,29.0,0.19594595
monocot-3D-15.234-1-1.411-0.0272-0.119-5.319-0-0.564-0.844-17.018-5-r113-5.rsml,470.8039,97.0,235.0,242.65001,2,469.0,235.40195,6.661416,0.0,0,0.0,0.0,0.0,0.0,2,2.0,2.0,1.0
monocot-3D-15.256-1-1.2-0.02387-0.346-4.6-0-0.93-1.242-29.95-10-r116-10.rsml,7276.718,501.0,1235.0,266.92297,8,5500.0,688.05597,10.984252,0.023682171,17,1764.0,104.25116,3.7024004,47.60365,42,25.0,8.0,0.32
monocot-3D-15.403-1-1.051-0.01316-0.884-4.726-0-1.186-1.075-13.918-17-r80-15.rsml,119012.53,1104.0,2640.0,268.9673,13,18494.0,1423.0903,14.007827,0.019814348,224,100406.0,448.71585,11.665549,33.807365,461,237.0,38.0,0.16033755
monocot-3D-15.623-1-1.643-0.01076-0.496-4.475-0-0.415-0.56-17.039-5-r55-5.rsml,236.14691,32.0,117.0,294.4509,2,235.0,118.073456,4.9015756,0.0,0,0.0,0.0,0.0,0.0,2,2.0,2.0,1.0
monocot-3D-16.083-1-1.335-0.02876-0.551-4.853-0-0.502-0.35-11.05-9-r10-9.rsml,2683.919,484.0,529.0,272.96945,6,2157.0,359.71786,5.929135,0.026174365,5,523.0,105.12228,3.193238,11.650863,16,11.0,6.0,0.54545456
monocot-3D-16.093-1-1.652-0.01758-0.821-4.471-0-1.543-0.983-28.343-20-r86-15.rsml,267044.72,1134.0,3637.0,268.88123,13,25158.0,1935.787,18.224495,0.022152657,346,241703.0,699.07367,14.059329,27.6848,705,359.0,61.0,0.16991644
monocot-3D-16.19-1-1.329-0.02233-0.288-4.863-0-0.836-1.374-7.639-17-r9-15.rsml,18252.139,562.0,1935.0,254.58182,13,13254.0,1020.06744,9.8740225,0.014528941,52,4968.0,95.98583,2.7766752,48.09402,117,65.0,13.0,0.2
monocot-3D-16.265-1-1.313-0.02701-0.314-5.772-0-0.58-0.468-11.82-11-r40-11.rsml,5100.8306,370.0,878.0,289.28284,8,4243.0,530.8113,6.8503976,0.023343422,10,847.0,85.43402,2.138093,15.462381,28,18.0,8.0,0.44444445
monocot-3D-16.443-1-1.183-0.00302-0.344-5.442-0-0.902-0.775-10.466-19-r13-15.rsml,24303.94,779.0,2106.0,271.43387,13,14603.0,1123.8702,10.65356,0.0137577355,63,9661.0,153.86705,3.5349696,26.818817,139,76.0,15.0,0.19736843
monocot-3D-16.47-1-1.611-0.02655-0.161-5.569-0-0.582-0.521-24.037-16-r188-15.rsml,9533.654,671.0,1343.0,265.37872,12,8607.0,717.78125,6.874022,0.016687848,11,913.0,83.66179,1.1637701,21.043242,34,23.0,12.0,0.5217391
monocot-3D-16.492-1-1.331-0.00306-0.835-4.647-0-1.272-0.501-6.392-19-r100-15.rsml,111927.94,1098.0,3032.0,266.6346,13,20811.0,1601.3982,15.023601,0.018431257,237,90986.0,384.4295,11.807479,16.479708,487,250.0,41.0,0.164
monocot-3D-16.725-1-1.014-0.01047-0.643-4.006-0-1.524-1.371-10.708-18-r157-15.rsml,177718.83,1375.0,3750.0,269.30655,13,26627.0,2048.8745,18.0,0.020941172,376,150886.0,401.8179,10.968467,45.285416,765,389.0,64.0,0.16452442
monocot-3D-16.85-1-1.492-0.0047-0.2-5.518-0-0.703-0.308-27.398-17-r189-15.rsml,16308.61,1063.0,1682.0,271.3533,13,11294.0,869.40125,8.303133,0.015037231,47,4983.0,106.51902,1.6878272,12.861069,107,60.0,13.0,0.21666667
monocot-3D-16.901-1-1.334-0.02003-0.464-5.48-0-0.407-0.516-24.264-17-r65-15.rsml,10383.257,594.0,940.0,260.4628,12,5998.0,500.36438,4.807088,0.019582566,35,4358.0,125.11096,2.1784687,20.317966,82,47.0,12.0,0.25531915
monocot-3D-16.906-1-1.294-0.02622-0.727-4.28-0-0.938-0.25-20.121-18-r134-15.rsml,97845.95,700.0,2294.0,269.0426,13,16112.0,1239.9913,11.07878,0.02135452,218,81610.0,374.89023,7.6240354,7.1595488,449,231.0,39.0,0.16883117
monocot-3D-16.907-1-1.519-0.02922-0.782-5.283-0-0.402-1.211-13.901-14-r5-14.rsml,7778.327,419.0,821.0,274.83618,11,4768.0,434.07843,4.7480392,0.028422108,21,2994.0,143.02217,3.4945803,58.13238,53,32.0,11.0,0.34375
monocot-3D-16.909-1-1.431-0.02991-0.159-4.293-0-0.943-1.183-26.821-8-r120-8.rsml,3757.8804,359.0,999.0,242.96219,6,3534.0,589.2827,11.137801,0.02962801,3,220.0,74.06141,1.7811006,57.77658,12,9.0,6.0,0.6666667
monocot-3D-17.17-1-1.25-0.02235-0.272-5.574-0-1.492-0.351-14.792-17-r123-15.rsml,74097.96,540.0,3755.0,272.23267,13,26559.0,2043.4062,17.622068,0.014133695,193,47436.0,246.28848,4.6224756,10.634941,399,206.0,36.0,0.17475729
monocot-3D-17.187-1-1.579-0.01702-0.282-5.064-0-1.048-0.751-26.719-12-r181-12.rsml,18676.969,649.0,1991.0,268.27225,10,10446.0,1045.1036,12.377935,0.022164633,52,8201.0,158.19101,3.4090428,25.565996,114,62.0,17.0,0.27419356
monocot-3D-17.261-1-1.477-0.02169-0.263-4.472-0-1.382-0.13-6.417-10-r11-10.rsml,17666.135,688.0,2118.0,266.56552,8,9571.0,1197.0469,16.322824,0.019367734,52,8059.0,155.57231,4.172112,5.557954,112,60.0,19.0,0.31666666
monocot-3D-17.327-1-1.348-0.01341-0.653-4.747-0-0.439-1.009-5.632-11-r176-11.rsml,4084.266,195.0,698.0,250.40843,8,2966.0,371.35034,5.1850386,0.026183069,9,1108.0,123.71814,3.260091,44.0643,26,17.0,8.0,0.47058824
monocot-3D-17.484-1-1.242-0.01444-0.204-4.489-0-1.276-0.994-14.584-18-r173-15.rsml,47504.97,740.0,3288.0,273.65707,13,22714.0,1747.7991,15.070832,0.016168885,152,24705.0,163.04979,3.0107114,34.25135,317,165.0,36.0,0.21818182
monocot-3D-17.679-1-1.338-0.01462-0.613-5.966-0-1.027-0.674-7.923-15-r83-15.rsml,59275.062,1030.0,2640.0,268.69525,12,18179.0,1515.3374,12.129894,0.015343406,153,41014.0,268.56863,7.063259,20.391027,318,165.0,28.0,0.16969697
monocot-3D-17.983-1-1.05-0.01861-0.659-5.08-0-0.461-0.935-11.131-14-r85-14.rsml,12075.481,490.0,1053.0,284.9364,11,6776.0,616.3803,5.444885,0.014337773,32,5280.0,165.47806,3.4371908,30.266796,75,43.0,11.0,0.25581396
monocot-3D-18.095-1-1.341-0.01301-0.462-5.498-0-1.579-0.798-15.5-14-r71-14.rsml,107683.47,1050.0,3866.0,270.90298,7,20499.0,2929.0642,18.649553,0.014999845,225,87064.0,387.46664,8.197684,25.742949,457,232.0,49.0,0.2112069
monocot-3D-18.101-1-1.372-0.02506-0.721-4.425-0-1.546-1.115-29.614-19-r144-15.rsml,301726.25,926.0,4173.0,270.3807,13,29178.0,2244.969,18.259787,0.020124115,388,272345.0,702.42725,12.466409,30.387197,789,401.0,67.0,0.1670823
monocot-3D-18.123-1-1.596-0.03033-0.433-5.79-0-0.735-0.738-27.48-8-r16-8.rsml,4020.8794,347.0,815.0,263.4709,6,2658.0,443.5361,8.681099,0.020686671,11,1354.0,123.60576,3.6190453,27.991106,28,17.0,7.0,0.4117647
monocot-3D-18.238-1-1.284-0.00695-0.374-5.148-0-1.2-0.934-29.523-19-r24-15.rsml,81947.84,1319.0,3173.0,263.5736,13,22010.0,1693.4692,14.173296,0.018418085,200,59824.0,299.66367,5.094134,31.15014,413,213.0,39.0,0.18309858
monocot-3D-18.285-1-1.481-0.00913-0.746-4.857-0-0.753-0.856-8.068-12-r38-12.rsml,20706.861,700.0,1519.0,271.79913,10,7787.0,779.2048,8.893688,0.017008865,54,12884.0,239.1633,6.2680817,30.77654,118,64.0,14.0,0.21875
monocot-3D-18.301-1-1.336-0.02504-0.596-4.955-0-0.608-1.151-5.703-13-r94-13.rsml,13807.049,502.0,1290.0,276.38,11,7649.0,695.881,7.1810966,0.016234254,47,6129.0,130.90132,4.082938,48.00177,105,58.0,14.0,0.2413793
monocot-3D-18.426-1-1.436-0.02354-0.729-5.264-0-1.193-1.342-8.706-8-r59-8.rsml,12554.333,769.0,1463.0,266.5719,6,5119.0,853.5965,14.090565,0.017988507,36,7417.0,206.46545,9.776927,41.915302,78,42.0,16.0,0.3809524
monocot-3D-18.436-1-1.555-0.01045-0.874-4.714-0-1.018-0.651-12.507-16-r54-15.rsml,127631.22,1090.0,2753.0,266.83862,11,17903.0,1628.0465,12.023666,0.02071758,229,109604.0,479.13837,9.925121,20.519165,469,240.0,41.0,0.17083333
monocot-3D-18.48-1-1.547-0.02846-0.164-5.66-0-1.12-0.121-24.939-6-r84-6.rsml,2185.53,206.0,881.0,285.62534,4,2183.0,546.3825,13.228339,0.0,0,0.0,0.0,0.0,0.0,4,4.0,4.0,1.0
monocot-3D-18.603-1-1.04-0.00593-0.119-5.898-0-0.453-1.101-20.922-11-r8-11.rsml,3705.8364,391.0,761.0,269.06735,8,3702.0,463.22955,5.3503957,0.0,0,0.0,0.0,0.0,0.0,8,8.0,8.0,1.0
monocot-3D-18.692-1-1.114-0.00338-0.77-4.323-0-1.503-0.857-14.557-17-r28-15.rsml,285718.84,1912.0,4157.0,269.26614,13,28936.0,2226.3557,17.751955,0.02010536,385,256597.0,666.95135,12.902384,28.04988,783,398.0,70.0,0.1758794
monocot-3D-18.821-1-1.357-0.00547-0.176-4.818-0-1.558-0.628-9.269-17-r32-15.rsml,54009.426,1025.0,4339.0,269.549,13,30104.0,2316.0837,18.401464,0.011918548,146,23831.0,163.70096,3.1795945,20.184958,305,159.0,31.0,0.19496855
monocot-3D-18.871-1-1.568-0.00313-0.741-4.247-0-0.753-0.584-11.023-16-r17-15.rsml,55776.08,1432.0,2033.0,268.35925,13,13287.0,1022.5872,8.893698,0.027250955,146,42414.0,290.9756,6.253276,19.061068,305,159.0,29.0,0.18238993
monocot-3D-18.934-1-1.538-0.00757-0.621-4.269-0-1.106-1.4-29.758-9-r109-9.rsml,21468.637,842.0,1581.0,267.75055,7,6138.0,877.1974,13.062989,0.024642875,66,15296.0,232.24625,7.702042,58.116505,139,73.0,23.0,0.31506848
monocot-3D-18.967-1-1.247-0.00743-0.318-4.162-0-1-1.352-8.238-16-r2-15.rsml,40690.324,997.0,2747.0,259.8775,13,19096.0,1469.4651,11.811034,0.01749231,146,21516.0,147.85791,3.6435935,53.483356,305,159.0,26.0,0.16352202
monocot-3D-19.049-1-1.169-0.01289-0.314-4.905-0-1.162-0.638-16.65-13-r87-13.rsml,43940.434,597.0,2737.0,264.51773,11,16249.0,1477.661,13.724378,0.017096937,133,27621.0,208.16664,4.147626,20.702099,277,144.0,30.0,0.20833333
monocot-3D-19.099-1-1.006-0.00213-0.761-4.979-0-0.498-0.837-14.862-13-r128-13.rsml,17514.896,518.0,1110.0,272.84152,10,6377.0,638.1409,5.8818955,0.021450609,53,11106.0,210.06584,4.2399526,30.608202,116,63.0,13.0,0.20634921
monocot-3D-19.204-1-1.433-0.0133-0.33-4.48-0-0.772-1.115-9.887-12-r162-12.rsml,13966.168,607.0,1617.0,257.9594,10,8582.0,858.8205,9.118123,0.026084935,40,5358.0,134.44911,2.9520867,46.161095,90,50.0,12.0,0.24
monocot-3D-19.552-1-1.591-0.00249-0.754-4.063-0-0.879-1.478-18.005-6-r23-6.rsml,2870.55,393.0,704.0,256.2534,4,1628.0,407.6051,10.381894,0.033255804,10,1236.0,124.01298,7.4804316,72.151115,24,14.0,8.0,0.5714286
monocot-3D-19.749-1-1.577-0.00492-0.507-5.859-0-1.441-0.681-12.16-7-r48-7.rsml,8345.755,375.0,1578.0,265.48615,5,4258.0,852.13477,17.019686,0.021425785,25,4074.0,163.40326,8.175131,25.530886,55,30.0,13.0,0.43333334
monocot-3D-19.809-1-1.69-0.01324-0.521-5.085-0-1.337-0.759-11.253-14-r44-14.rsml,109331.91,1155.0,3550.0,271.23575,12,22560.0,1880.3947,15.791381,0.017612975,243,86638.0,357.06662,7.801903,23.495201,498,255.0,48.0,0.1882353
monocot-3D-20.055-1-1.516-0.02485-0.761-5.336-0-1.554-0.27-24.728-11-r42-11.rsml,114607.234,553.0,3167.0,271.02856,9,15831.0,1759.5958,18.354338,0.017294686,153,98691.0,645.56146,13.202385,7.787233,315,162.0,40.0,0.24691358
monocot-3D-20.177-1-1.014-0.01063-0.507-5.844-0-1.526-0.955-21.695-14-r156-14.rsml,158022.97,1092.0,4207.0,273.12097,12,27531.0,2294.8762,18.023546,0.014723155,266,130356.0,490.54306,8.67894,29.915749,544,278.0,49.0,0.176259
monocot-3D-20.334-1-1.219-0.03056-0.447-4.257-0-1.535-0.955-16.273-7-r88-7.rsml,12988.771,413.0,1704.0,260.82193,5,5262.0,1052.6594,18.129911,0.02156294,39,7708.0,198.08913,7.696494,25.464949,83,44.0,20.0,0.45454547
monocot-3D-20.363-1-1.435-0.0127-0.829-4.913-0-1.432-0.331-19.282-12-r171-12.rsml,146798.05,793.0,3289.0,269.14252,10,17771.0,1777.4866,16.9134,0.01971326,197,128927.0,654.9402,13.258811,9.628776,404,207.0,46.0,0.22222222
monocot-3D-20.376-1-1.174-0.01549-0.527-4.079-0-0.786-1.229-6.728-8-r19-8.rsml,5770.621,328.0,999.0,279.8865,6,3528.0,588.2651,9.283465,0.02049379,13,2236.0,172.38698,4.730042,55.56271,32,19.0,9.0,0.47368422
monocot-3D-20.396-1-1.652-0.02416-0.145-5.716-0-0.715-0.725-12.298-7-r104-7.rsml,2092.2888,294.0,765.0,235.8027,5,2090.0,418.45776,8.444884,0.0,0,0.0,0.0,0.0,0.0,5,5.0,5.0,1.0
monocot-3D-20.427-1-1.585-0.02732-0.198-5.608-0-1.411-0.894-8.651-12-r198-12.rsml,33133.8,620.0,3293.0,269.25302,10,17946.0,1795.1357,16.665377,0.013565006,90,15134.0,168.69376,3.208595,26.631824,190,100.0,25.0,0.25
monocot-3D-20.996-1-1.413-0.02142-0.52-5.398-0-0.819-0.238-14.428-9-r92-9.rsml,10294.988,552.0,1293.0,260.50427,7,5115.0,731.3591,9.673222,0.020116761,23,5164.0,225.02066,4.763639,9.495426,53,30.0,12.0,0.4
monocot-3D-21.078-1-1.048-0.01277-0.707-5.548-0-1.543-1.007-22.704-17-r45-15.rsml,310785.88,1301.0,4805.0,269.22797,13,33794.0,2600.1245,18.224522,0.015704503,356,276805.0,778.04565,12.148742,29.872356,725,369.0,63.0,0.17073171
monocot-3D-21.131-1-1.629-0.02617-0.709-4.177-0-1.42-1.484-18.325-6-r187-6.rsml,7232.03,430.0,1290.0,267.18256,4,3012.0,753.47766,16.771664,0.028085385,18,4210.0,234.33998,11.276398,50.22225,40,22.0,14.0,0.6363636
monocot-3D-21.2-1-1.024-0.00875-0.794-5.824-0-1.461-0.403-24.47-10-r200-10.rsml,71887.03,756.0,2803.0,270.23755,8,12534.0,1567.2151,17.255875,0.015643215,97,59301.0,611.8484,12.874958,11.612379,202,105.0,28.0,0.26666668
monocot-3D-21.262-1-1.376-0.02485-0.779-4.879-0-0.751-0.948-6.972-15-r105-15.rsml,63414.113,1082.0,2288.0,268.21063,13,15893.0,1222.9951,8.870099,0.019271059,175,47432.0,271.51526,6.518714,30.398752,363,188.0,28.0,0.14893617
monocot-3D-21.303-1-1.56-0.00267-0.6-4.306-0-1.522-0.965-29.526-17-r191-15.rsml,350455.0,2249.0,4756.0,272.45905,13,33090.0,2545.8696,17.976473,0.022395415,462,317135.0,686.92365,10.201703,33.267643,937,475.0,77.0,0.16210526
monocot-3D-21.525-1-1.148-0.01325-0.594-4.716-0-1.37-1.213-10.605-16-r72-15.rsml,184329.08,1174.0,4327.0,270.42477,12,30139.0,2511.9814,16.181122,0.01861494,364,154012.0,423.58603,9.093801,39.167255,740,376.0,65.0,0.17287233
monocot-3D-21.626-1-1.649-0.00493-0.232-5.535-0-0.986-0.181-17.84-9-r174-9.rsml,8406.367,1098.0,1630.0,258.48297,7,6073.0,868.0253,11.645665,0.023021929,17,2323.0,137.06998,2.6446218,8.97519,41,24.0,10.0,0.41666666
monocot-3D-21.669-1-1.237-0.01621-0.204-4.443-0-1.486-0.364-21.976-9-r180-9.rsml,20080.324,424.0,2517.0,275.83707,7,10150.0,1450.6697,17.551207,0.019615483,62,9895.0,160.09097,3.4860003,11.440124,131,69.0,26.0,0.3768116
monocot-3D-21.848-1-1.09-0.02839-0.567-5.884-0-1.471-0.673-11.521-19-r164-15.rsml,200334.78,739.0,4758.0,270.70956,13,33590.0,2584.352,17.374022,0.013775767,320,166579.0,521.0567,9.337053,17.833767,653,333.0,51.0,0.15315315
monocot-3D-22.188-1-1.411-0.01221-0.351-5.23-0-0.498-1.391-10.022-17-r178-15.rsml,15502.249,697.0,1524.0,262.65186,13,10307.0,793.2942,5.881888,0.013115377,48,5167.0,108.112946,2.0436463,57.597996,109,61.0,13.0,0.21311475
monocot-3D-22.224-1-1.036-0.01326-0.566-5.15-0-1.4-0.76-22.233-18-r185-15.rsml,246413.84,1037.0,4623.0,269.76398,9,28878.0,3209.0598,16.535522,0.016677506,357,217352.0,609.3342,8.895589,22.136847,723,366.0,63.0,0.17213115
monocot-3D-22.284-1-1.063-0.0108-0.395-5.665-0-1.338-0.678-11.078-9-r136-9.rsml,22738.428,576.0,2351.0,271.2305,7,9319.0,1331.7574,15.80315,0.015603845,65,13387.0,206.40193,6.0104957,19.98593,137,72.0,21.0,0.29166666
monocot-3D-22.671-1-1.449-0.01933-0.761-5.466-0-1.401-0.697-7.061-19-r99-15.rsml,222727.19,971.0,4690.0,267.02792,13,32833.0,2526.0989,16.547266,0.015153065,318,189736.0,597.1319,11.886662,19.16831,649,331.0,56.0,0.1691843
monocot-3D-22.758-1-1.23-0.00464-0.615-5.195-0-0.714-0.703-7.578-11-r148-11.rsml,19972.8,792.0,1581.0,275.3753,9,7743.0,860.70776,8.433067,0.020440007,46,12203.0,265.79202,4.966979,23.069994,101,55.0,15.0,0.27272728
monocot-3D-22.974-1-1.532-0.00359-0.425-4.065-0-0.65-0.615-21.559-10-r50-10.rsml,11675.081,494.0,1280.0,248.95166,8,4942.0,618.29395,7.6771703,0.04186549,42,6711.0,160.20789,3.167493,23.81099,92,50.0,14.0,0.28
monocot-3D-23.296-1-1.376-0.02489-0.322-4.041-0-1.415-1.012-20.82-9-r146-9.rsml,28924.457,598.0,2586.0,267.48578,7,10347.0,1478.5706,16.712627,0.016427604,82,18537.0,226.51782,5.1815214,34.680367,171,89.0,30.0,0.33707866
monocot-3D-23.501-1-1.26-0.01863-0.825-4.402-0-1.052-0.304-27.829-17-r49-15.rsml,268146.8,823.0,3633.0,270.443,13,25324.0,1948.4861,12.425251,0.020341313,336,242648.0,722.6683,9.689594,8.720334,685,349.0,59.0,0.16905445
monocot-3D-23.575-1-1.157-0.0197-0.307-4.74-0-0.76-1.41-16.316-17-r46-15.rsml,41517.125,1022.0,2561.0,266.70322,11,17742.0,1613.3894,8.97634,0.017031718,152,23697.0,156.38051,2.7088685,53.233124,315,163.0,31.0,0.19018404
monocot-3D-23.802-1-1.125-0.01387-0.37-4.862-0-1.26-1.377-21.593-10-r27-10.rsml,36934.45,845.0,2698.0,270.0239,8,12076.0,1510.0613,14.881855,0.017503377,108,24798.0,230.12938,5.280792,49.106007,224,116.0,32.0,0.27586207
monocot-3D-23.912-1-1.353-0.00427-0.499-5.976-0-0.734-0.509-17.853-10-r108-10.rsml,14483.609,639.0,1515.0,281.64645,8,6565.0,821.00085,8.6693,0.019271849,34,7898.0,232.81172,4.1197214,18.85654,76,42.0,12.0,0.2857143
monocot-3D-24.021-1-1.504-0.01044-0.821-5.946-0-0.752-1.491-13.966-16-r199-15.rsml,80813.51,1599.0,2640.0,268.42664,13,18057.0,1389.5215,8.881857,0.01676117,173,62659.0,362.71545,6.888193,55.182995,359,186.0,28.0,0.15053764
monocot-3D-24.214-1-1.649-0.00205-0.171-4.027-0-0.514-0.562-27.948-11-r102-11.rsml,6148.0776,1105.0,1165.0,267.80542,9,5342.0,594.0206,6.070863,0.029412393,8,797.0,100.236496,1.1251899,36.389442,25,17.0,9.0,0.5294118
monocot-3D-24.222-1-1.386-0.01734-0.272-5.009-0-0.708-1.432-10.981-15-r183-15.rsml,29063.912,796.0,2448.0,249.62962,13,16842.0,1296.0653,8.362214,0.01754312,95,12166.0,128.57959,2.255848,57.645927,203,108.0,22.0,0.2037037
monocot-3D-24.315-1-1.669-0.01783-0.718-4.975-0-0.548-0.741-18.27-10-r25-10.rsml,13456.649,942.0,1109.0,268.3011,8,4927.0,616.37744,6.4724364,0.023169901,31,8512.0,275.02026,4.414724,21.899822,70,39.0,11.0,0.2820513
monocot-3D-24.388-1-1.265-0.0095-0.371-4.715-0-0.612-1.017-19.194-13-r147-13.rsml,24234.305,714.0,1779.0,263.93826,11,10364.0,942.54865,7.228353,0.020455051,83,13832.0,167.06349,2.6229477,35.854782,177,94.0,23.0,0.24468085
monocot-3D-24.388-1-1.572-0.02446-0.847-4.187-0-0.678-1.063-28.513-18-r75-15.rsml,124815.24,1261.0,2403.0,266.1011,13,16352.0,1258.3617,8.007838,0.023333637,237,108340.0,457.62253,6.39173,35.11892,487,250.0,41.0,0.164
monocot-3D-24.395-1-1.69-0.02357-0.455-5.476-0-1.282-1.079-21.394-9-r197-9.rsml,30225.762,757.0,2460.0,267.40894,7,9651.0,1379.2286,15.141753,0.017927168,77,20536.0,267.15802,6.5386763,36.921772,161,84.0,27.0,0.32142857
monocot-3D-24.61-1-1.635-0.01411-0.887-5.126-0-1.516-1.268-11.044-14-r190-14.rsml,350216.78,1469.0,5085.0,269.70605,12,32634.0,2719.924,17.905369,0.01637966,352,317405.0,902.20935,14.9515085,39.63903,716,364.0,68.0,0.18681319
monocot-3D-25.141-1-1.629-0.02605-0.13-5.179-0-1.26-0.209-17.801-8-r179-8.rsml,8605.262,471.0,2118.0,267.1131,6,7334.0,1222.8265,14.881866,0.016806655,11,1263.0,115.30039,1.9765402,6.8419695,28,17.0,8.0,0.47058824
monocot-3D-25.282-1-1.688-0.01681-0.273-4.547-0-1.441-0.529-24.529-6-r41-6.rsml,5277.4956,367.0,1588.0,278.1619,4,4077.0,1019.7698,17.019691,0.021752115,7,1195.0,171.20241,4.4978223,19.453047,18,11.0,8.0,0.72727275
monocot-3D-25.384-1-1.663-0.00339-0.218-5.866-0-0.672-1.057-29.775-19-r6-15.rsml,29644.475,922.0,2440.0,258.04684,13,16210.0,1247.4812,7.937011,0.015818734,96,13373.0,139.86693,1.7529128,39.76698,205,109.0,19.0,0.17431192
monocot-3D-25.481-1-1.189-0.02921-0.121-5.858-0-1.214-0.954-5.32-15-r60-15.rsml,39282.203,473.0,4578.0,270.67123,13,32174.0,2475.5505,14.338496,0.006982373,64,7068.0,110.9381,1.7582309,35.962494,141,77.0,16.0,0.20779221
monocot-3D-25.507-1-1.085-0.02359-0.485-4.339-0-1.46-1.012-22.645-17-r91-15.rsml,356239.7,1025.0,5515.0,272.0717,13,38970.0,2998.3088,17.244135,0.019929685,533,316990.0,595.2375,7.9390874,28.903643,1079,546.0,89.0,0.16300367
monocot-3D-25.603-1-1.022-0.00979-0.764-5.779-0-1.354-0.191-7.389-15-r89-15.rsml,248578.56,933.0,5142.0,269.4037,13,36025.0,2771.516,15.992182,0.014329404,327,212385.0,649.9966,11.537103,6.476255,667,340.0,60.0,0.1764706
monocot-3D-25.853-1-1.653-0.00572-0.87-5.128-0-1.015-1.161-11.406-13-r150-13.rsml,130708.734,2116.0,3206.0,271.0932,11,18662.0,1697.0337,11.988225,0.018029142,195,111948.0,574.5711,9.855532,43.672295,401,206.0,38.0,0.18446602
monocot-3D-25.892-1-1.394-0.02715-0.713-5.292-0-0.437-1.246-27.36-10-r69-10.rsml,8502.571,695.0,939.0,267.90137,8,4056.0,507.54327,5.1614146,0.022300407,24,4428.0,185.09271,3.516598,40.426556,56,32.0,10.0,0.3125
monocot-3D-26.007-1-1.344-0.01956-0.413-4.331-0-0.544-0.272-27.329-11-r165-11.rsml,16875.156,344.0,1349.0,274.1448,9,6482.0,720.7106,6.425189,0.029917525,56,10357.0,185.51364,2.585679,10.5525255,121,65.0,16.0,0.24615385
monocot-3D-26.215-1-1.288-0.00486-0.138-5.581-0-1.095-0.761-20.511-13-r125-13.rsml,35645.535,780.0,3556.0,264.0529,11,21096.0,1918.3141,12.933095,0.016752258,109,14489.0,133.43188,1.8213168,29.072113,229,120.0,28.0,0.23333333
monocot-3D-26.233-1-1.473-0.02636-0.767-4.327-0-1.196-0.174-22.927-5-r35-5.rsml,3439.1658,225.0,1000.0,265.7458,3,2032.0,678.15814,14.125979,0.023509685,6,1402.0,234.11519,10.253722,5.7510924,15,9.0,7.0,0.7777778
monocot-3D-26.246-1-1.578-0.00158-0.121-4.872-0-1.599-1.21-7.574-16-r14-15.rsml,63087.43,1515.0,6231.0,266.20468,13,42534.0,3272.3381,18.885756,0.011488985,159,20472.0,129.22667,2.292581,45.179504,331,172.0,34.0,0.19767442
monocot-3D-26.253-1-1.16-0.02717-0.459-4.491-0-1.366-0.532-23.347-15-r52-15.rsml,316702.53,750.0,5346.0,270.63934,13,37434.0,2880.0435,16.133806,0.018896323,487,279023.0,573.43304,7.0592823,14.318071,987,500.0,83.0,0.166
monocot-3D-26.26-1-1.16-0.0134-0.636-4.026-0-0.492-0.178-8.525-13-r20-13.rsml,27760.076,658.0,1525.0,268.8443,11,9115.0,829.2451,5.811032,0.02542422,82,18592.0,227.29735,3.5393753,6.7432675,175,93.0,19.0,0.20430107
monocot-3D-26.36-1-1.624-0.01358-0.142-5.597-0-0.634-0.784-6.11-20-r98-15.rsml,17117.025,1192.0,2395.0,269.4517,13,16104.0,1239.274,7.4881783,0.011938298,13,999.0,77.42014,1.13744,26.812237,39,26.0,13.0,0.5
monocot-3D-26.439-1-1.475-0.02047-0.753-5.034-0-1.057-0.121-13.764-8-r195-8.rsml,21804.805,434.0,1877.0,270.3989,6,6424.0,1071.1343,12.484253,0.018493725,46,15351.0,334.30435,8.902838,5.1037445,98,52.0,20.0,0.3846154
monocot-3D-26.799-1-1.045-0.02422-0.398-4.074-0-1.41-1.396-7.234-10-r3-10.rsml,55141.16,865.0,3405.0,271.8383,8,15439.0,1930.4093,16.653538,0.019477816,158,39619.0,251.25244,6.3039427,49.630547,324,166.0,44.0,0.26506025
monocot-3D-26.8-1-1.567-0.0082-0.879-5.375-0-0.653-1.114-18.054-11-r53-11.rsml,33428.527,963.0,1701.0,264.06543,9,7830.0,870.6233,7.712599,0.026241515,79,25548.0,323.96103,6.3655887,42.33551,167,88.0,21.0,0.23863636
monocot-3D-26.807-1-1.318-0.02647-0.19-4.595-0-0.801-0.155-13.648-17-r152-15.rsml,41106.066,508.0,3103.0,271.1057,13,21536.0,1657.0859,9.460643,0.015388619,126,19503.0,155.26942,1.8201395,6.225631,265,139.0,26.0,0.18705036
monocot-3D-26.928-1-1.445-0.01172-0.586-5.445-0-0.7-1.079-15.159-14-r115-14.rsml,64410.875,1385.0,2519.0,267.37442,12,16084.0,1340.8179,8.267724,0.016001243,154,48247.0,313.7731,4.635014,38.003147,320,166.0,30.0,0.18072289
monocot-3D-27.219-1-1.189-0.02823-0.372-5.013-0-0.737-0.368-26.468-8-r12-8.rsml,7238.4014,235.0,1292.0,264.65533,6,4428.0,738.5877,8.704717,0.025192112,17,2798.0,165.1103,3.142104,12.857778,40,23.0,10.0,0.4347826
monocot-3D-27.249-1-1.616-0.02705-0.202-5.937-0-0.409-0.254-8.49-13-r43-13.rsml,7443.5845,588.0,1291.0,269.81995,11,6985.0,635.48755,4.8307056,0.008568026,5,451.0,90.64421,1.0361601,5.6884546,21,16.0,11.0,0.6875
monocot-3D-27.365-1-1.579-0.0221-0.424-5.012-0-0.623-0.961-6.542-15-r31-15.rsml,36369.3,1124.0,2461.0,273.8171,13,16391.0,1261.325,7.358263,0.017460477,111,19916.0,179.92857,3.028437,29.917059,235,124.0,24.0,0.19354838
monocot-3D-27.367-1-1.265-0.00624-0.114-4.454-0-0.813-0.453-20.598-5-r96-5.rsml,1314.3379,159.0,704.0,275.15118,3,1313.0,438.11264,9.602359,0.0,0,0.0,0.0,0.0,0.0,3,3.0,3.0,1.0
monocot-3D-27.368-1-1.306-0.02968-0.149-5.831-0-0.603-0.785-14.258-19-r158-15.rsml,20458.37,521.0,2338.0,271.2816,13,16312.0,1255.205,7.122063,0.0105751995,47,4119.0,88.100075,1.1321855,29.386663,107,60.0,13.0,0.21666667
monocot-3D-27.438-1-1.485-0.02576-0.215-4.35-0-1.165-0.881-18.705-19-r154-15.rsml,111224.4,860.0,4759.0,270.47498,13,33020.0,2540.466,13.75979,0.019198805,342,78028.0,228.65019,2.903572,27.76589,697,355.0,64.0,0.18028168
monocot-3D-27.55-1-1.5-0.01788-0.46-5.399-0-1.055-0.837-28.524-11-r18-11.rsml,58931.02,908.0,2937.0,270.1331,9,14454.0,1606.4517,12.460635,0.018189091,139,44402.0,319.9494,5.470303,29.021833,287,148.0,38.0,0.25675675
monocot-3D-27.591-1-1.366-0.02585-0.68-4.317-0-1.522-0.404-11.039-6-r145-6.rsml,14085.967,511.0,1883.0,266.2968,4,4752.0,1188.446,17.976358,0.020335857,24,9319.0,388.84094,11.483628,8.164167,52,28.0,18.0,0.64285713
monocot-3D-27.839-1-1.411-0.02818-0.228-5.951-0-0.91-0.551-29.454-19-r192-15.rsml,74480.51,711.0,3700.0,269.79715,13,25609.0,1970.3801,10.748046,0.015572617,207,48769.0,236.0656,2.4315135,16.430008,427,220.0,38.0,0.17272727
monocot-3D-27.843-1-1.28-0.02235-0.615-4.97-0-1.474-1.113-16.712-19-r168-15.rsml,452543.56,1139.0,6096.0,270.75186,13,42853.0,3296.915,17.40941,0.016790146,501,409429.0,817.7316,10.141341,32.496933,1015,514.0,85.0,0.16536964
monocot-3D-27.873-1-1.334-0.00873-0.746-5.118-0-1.049-0.215-13.731-6-r81-6.rsml,5964.8486,434.0,1290.0,270.80487,4,3164.0,791.66693,12.389769,0.01764732,11,2792.0,254.38008,8.781622,5.8886065,26,15.0,9.0,0.6
monocot-3D-28.051-1-1.633-0.00111-0.106-5.504-0-0.982-0.57-12.944-16-r30-15.rsml,40391.23,1525.0,4014.0,268.95813,13,26971.0,2075.1174,11.598469,0.0143602025,132,13351.0,101.62653,1.3010944,22.459839,277,145.0,27.0,0.18620689
monocot-3D-28.184-1-1.178-0.02034-0.402-4.809-0-1.429-1.28-26.183-17-r159-15.rsml,312111.2,1155.0,5981.0,273.35526,13,41708.0,3208.6604,16.877932,0.0179805,508,270144.0,532.2806,6.482415,42.361668,1029,521.0,88.0,0.16890594
monocot-3D-28.5-1-1.32-0.01812-0.487-4.278-0-1.153-0.889-6.073-13-r124-13.rsml,112748.12,1021.0,4102.0,272.0245,11,24318.0,2211.2458,13.618153,0.018642291,274,88289.0,322.71686,6.3395,26.360237,559,285.0,59.0,0.20701754
monocot-3D-28.636-1-1.306-0.01532-0.483-4.733-0-0.546-0.209-24.587-9-r74-9.rsml,9333.287,438.0,1175.0,282.22693,7,4622.0,660.6611,6.4488177,0.021302378,26,4697.0,181.10226,3.0327568,7.079704,59,33.0,11.0,0.33333334
monocot-3D-28.661-1-1.485-0.01202-0.409-5.277-0-1.059-1.37-15.29-17-r127-15.rsml,145490.55,1445.0,4442.0,270.9148,13,30631.0,2356.7578,12.507822,0.016362246,338,114684.0,339.8009,4.9145274,51.091785,689,351.0,56.0,0.15954416
monocot-3D-28.731-1-1.699-0.00879-0.228-4.587-0-1.594-1.188-20.489-19-r61-15.rsml,224237.92,1405.0,6853.0,266.55527,13,46953.0,3612.2505,18.82691,0.017423214,511,177028.0,346.92505,4.1552777,42.392536,1035,524.0,96.0,0.18320611
monocot-3D-29.277-1-1.011-0.01816-0.68-4.233-0-1.342-0.841-12.834-5-r73-5.rsml,4403.191,228.0,1289.0,258.96408,3,2561.0,854.34784,15.850399,0.022900833,8,1835.0,230.01843,10.25114,16.846905,19,11.0,9.0,0.8181818
monocot-3D-29.303-1-1.686-0.02212-0.597-4.074-0-1.248-1.303-19.692-13-r155-13.rsml,255445.31,1321.0,4569.0,268.71017,11,27307.0,2482.8804,14.740207,0.0209372,365,227946.0,625.02374,8.351959,40.157806,741,376.0,74.0,0.19680852
monocot-3D-29.37-1-1.332-0.00506-0.458-4.068-0-0.491-0.357-13.753-7-r172-7.rsml,2652.4653,217.0,765.0,263.90115,5,2078.0,416.22882,5.7992105,0.016661918,5,568.0,114.26424,2.5572042,16.071167,15,10.0,5.0,0.5
monocot-3D-29.413-1-1.542-0.00685-0.822-5.178-0-1.181-0.648-20.946-19-r166-15.rsml,420926.97,1771.0,5141.0,270.28354,13,35508.0,2731.892,13.948787,0.017533539,406,385209.0,949.2915,10.80921,20.011944,825,419.0,66.0,0.1575179
monocot-3D-29.442-1-1.611-0.02586-0.427-5.834-0-1.462-0.261-5.564-19-r37-15.rsml,197638.9,586.0,6405.0,270.6027,13,44633.0,3433.8865,17.267635,0.012718306,375,152811.0,407.9955,7.042566,7.700589,763,388.0,63.0,0.16237113
monocot-3D-29.552-1-1.24-0.00509-0.482-5.628-0-1.352-1.09-27.244-5-r151-5.rsml,3474.1404,385.0,1287.0,276.54465,3,2533.0,844.87555,15.968505,0.01808209,6,938.0,156.58562,7.447937,39.36096,15,9.0,7.0,0.7777778
monocot-3D-29.569-1-1.285-0.00682-0.561-4.026-0-0.828-0.255-27.29-16-r58-15.rsml,202632.28,1092.0,3559.0,268.63544,13,24924.0,1917.7365,9.779526,0.02253663,369,177520.0,481.5766,5.2276764,8.474481,751,382.0,63.0,0.16492146
monocot-3D-29.746-1-1.196-0.01656-0.793-5.628-0-0.679-0.671-7.01-9-r160-9.rsml,16860.543,661.0,1516.0,267.9046,7,6089.0,870.31476,8.019697,0.016227491,40,10743.0,269.20853,6.026359,17.609879,87,47.0,16.0,0.34042552
monocot-3D-29.859-1-1.445-0.02676-0.229-5.159-0-1.446-0.535-16.898-17-r143-15.rsml,184203.11,794.0,6467.0,270.73544,13,44993.0,3461.3435,17.07886,0.015119871,377,139016.0,369.24545,3.8025742,15.319353,767,390.0,71.0,0.18205129
monocot-3D-30.084-1-1.357-0.0029-0.865-4.545-0-0.8-0.131-27.329-18-r175-15.rsml,266585.4,1588.0,3479.0,270.42825,13,24002.0,1846.7369,9.44878,0.02158174,322,242420.0,753.34735,7.707129,5.907151,657,335.0,58.0,0.17313433
monocot-3D-30.102-1-1.541-0.00609-0.576-4.475-0-1.044-0.156-23.101-15-r194-15.rsml,303925.78,1392.0,4581.0,271.0446,13,31802.0,2446.7283,12.330675,0.019889073,424,271903.0,641.7883,6.7705946,5.7837553,861,437.0,71.0,0.1624714
monocot-3D-30.143-1-1.139-0.02556-0.462-5.567-0-1.518-1.144-7.957-11-r133-11.rsml,112324.1,795.0,4700.0,266.15335,9,23674.0,2631.0867,17.929173,0.014989919,203,88542.0,436.67154,7.90343,33.4277,415,212.0,50.0,0.23584905
monocot-3D-30.448-1-1.197-0.00814-0.308-5.353-0-1.152-0.51-9.283-6-r119-6.rsml,4885.581,519.0,1523.0,277.3755,4,3765.0,941.83594,13.606308,0.01385649,7,1115.0,159.74821,4.100827,13.819751,18,11.0,8.0,0.72727275
monocot-3D-30.579-1-1.528-0.02642-0.113-5.149-0-0.813-1.295-25.877-15-r103-15.rsml,40116.945,739.0,3630.0,263.0309,13,25045.0,1926.9836,9.602351,0.015968286,154,14993.0,97.83221,1.1579778,55.78103,321,167.0,31.0,0.18562874
monocot-3D-31.034-1-1.468-0.02813-0.76-5.011-0-0.652-0.872-10.567-15-r56-15.rsml,104355.48,1055.0,2932.0,267.11075,13,19887.0,1530.196,7.700768,0.021312686,222,84348.0,380.46365,5.5205317,27.477812,457,235.0,42.0,0.17872341
monocot-3D-31.34-1-1.208-0.02349-0.464-4.401-0-1.227-0.64-18.725-16-r64-15.rsml,342433.0,1069.0,5700.0,269.37244,13,40163.0,3089.9944,14.492181,0.019364776,531,302003.0,569.23364,6.4086766,17.902557,1075,544.0,87.0,0.15992647
monocot-3D-31.422-1-1.325-0.00463-0.514-4.827-0-0.514-0.939-12.587-16-r29-15.rsml,52015.53,1352.0,2240.0,271.3009,13,15729.0,1210.4392,6.070888,0.019726312,148,36209.0,245.13387,3.0132518,32.658485,309,161.0,29.0,0.18012422
monocot-3D-31.431-1-1.643-0.00985-0.146-5.15-0-0.859-1.169-19.045-18-r33-15.rsml,49690.34,1289.0,3982.0,267.88794,13,27149.0,2088.978,10.145668,0.015858293,169,22442.0,133.33505,1.5266246,47.171165,351,182.0,33.0,0.18131869
monocot-3D-31.833-1-1.231-0.00311-0.61-4.867-0-1.427-0.726-8.854-17-r186-15.rsml,417378.7,1588.0,6708.0,269.88663,9,41795.0,4644.393,16.854427,0.015911676,495,375336.0,758.7458,9.751504,23.831478,999,504.0,87.0,0.17261904
monocot-3D-31.842-1-1.491-0.02967-0.427-5.221-0-0.477-1.022-13.417-8-r140-8.rsml,3901.385,343.0,937.0,275.6083,6,2982.0,497.47256,5.633858,0.021018488,8,912.0,114.56874,2.3509035,30.548954,22,14.0,6.0,0.42857143
monocot-3D-31.9-1-1.489-0.01235-0.199-5.998-0-1.488-0.171-12.838-14-r62-14.rsml,135446.7,836.0,6499.0,271.4257,12,41923.0,3494.216,17.574905,0.013170321,292,93370.0,320.2608,3.4135828,6.026983,596,304.0,61.0,0.20065789
monocot-3D-31.92-1-1.449-0.00408-0.442-4.943-0-1.106-1.325-9.647-17-r1-15.rsml,175789.34,1780.0,5176.0,269.23224,13,35657.0,2743.2842,13.062997,0.017172227,405,139923.0,345.99155,5.5173893,50.526012,823,418.0,72.0,0.17224881
monocot-3D-32.005-1-1.292-0.02613-0.797-4.079-0-1.221-0.509-28.597-17-r167-15.rsml,722151.56,1104.0,5804.0,270.52493,13,40699.0,3131.274,14.421217,0.020871125,586,681162.0,1162.8759,10.859272,12.743452,1185,599.0,99.0,0.16527545
monocot-3D-32.349-1-1.067-0.00319-0.813-4.826-0-1.596-0.798-28.203-9-r106-9.rsml,148803.98,1196.0,4090.0,273.04993,7,16254.0,2322.6296,18.850414,0.018628657,150,132467.0,883.63696,14.4316435,25.50317,307,157.0,51.0,0.32484075
monocot-3D-32.451-1-1.251-0.0035-0.553-4.41-0-0.665-0.877-29.498-11-r132-11.rsml,46281.95,976.0,2158.0,262.33728,9,10384.0,1154.2778,7.8543377,0.02356244,124,35829.0,289.46332,4.166715,35.026276,257,133.0,32.0,0.24060151
monocot-3D-32.628-1-1.67-0.0031-0.325-4.126-0-1.409-1.05-9.299-9-r7-9.rsml,48763.594,1504.0,3617.0,257.3064,7,14534.0,2076.793,16.641777,0.020445514,144,34152.0,237.68077,5.1896877,38.36812,295,151.0,48.0,0.3178808
monocot-3D-32.83-1-1.669-0.01056-0.351-4.054-0-1.117-0.691-19.641-12-r22-12.rsml,121729.516,1364.0,4138.0,270.3594,10,22532.0,2253.6497,13.192881,0.021837207,299,99042.0,331.7492,4.4399233,23.00694,608,309.0,69.0,0.22330096
monocot-3D-33.061-1-1.08-0.00129-0.855-5.761-0-1.209-0.874-20.465-14-r139-14.rsml,426444.38,1799.0,5404.0,270.89294,12,35393.0,2949.9817,14.27941,0.015366669,354,390868.0,1104.6458,11.515011,28.20813,720,366.0,68.0,0.18579236
monocot-3D-33.436-1-1.248-0.01926-0.872-4.383-0-1.408-1.414-14.955-13-r93-13.rsml,520337.4,1533.0,5921.0,269.5585,11,35662.0,3242.5078,16.629887,0.01837923,424,484465.0,1143.0892,13.6495075,43.937828,859,435.0,88.0,0.20229885
monocot-3D-33.507-1-1.688-0.00961-0.514-5.217-0-0.783-1.465-14.777-13-r177-13.rsml,81429.16,1457.0,3215.0,260.21194,11,18690.0,1699.6367,9.248046,0.017146936,198,62640.0,316.834,4.5477495,58.07326,407,209.0,44.0,0.21052632
monocot-3D-33.607-1-1.645-0.02618-0.45-4.566-0-0.962-0.284-5.069-10-r126-10.rsml,43697.902,641.0,2866.0,265.2216,8,12897.0,1612.9266,11.362215,0.017677391,117,30735.0,263.20078,4.8968434,8.1520405,242,125.0,36.0,0.288
monocot-3D-33.691-1-1.088-0.01304-0.196-4.197-0-1.381-1.195-25.451-7-r51-7.rsml,12818.432,417.0,2627.0,263.90967,5,7888.0,1578.0189,16.311033,0.022576656,29,4913.0,169.94269,3.121974,43.883537,63,34.0,20.0,0.5882353
monocot-3D-33.987-1-1.058-0.00126-0.845-4.029-0-1.317-0.306-29.67-14-r122-14.rsml,810833.5,1253.0,6048.0,269.95447,12,39370.0,3281.3396,15.555051,0.02145427,568,771197.0,1358.1997,12.412492,9.70979,1148,580.0,107.0,0.18448275
monocot-3D-34.554-1-1.507-0.02126-0.175-5.051-0-0.806-0.522-18.053-8-r137-8.rsml,7524.436,457.0,1807.0,270.43314,6,6155.0,1026.3911,9.519696,0.023842875,11,1360.0,124.18993,1.6924314,19.482862,28,17.0,9.0,0.5294118
